ODINO,MAKETXT,MODELTXT,YEARTXT,LDATE,COMPDESC,CDESCR,CRASH,FIRE,INJURED,DEATHS
11732905,KIA,EV6,2022,20260422,ELECTRICAL SYSTEM,"ICCU failed after 49,059 miles. Levels 1&2 charging do not work. I must use DCFC to charge the car.",N,N,0,0
11490756,KIA,FORTE,2014,20221025,ELECTRICAL SYSTEM,Cars brake lights remain on and engine will turn on with out pressing the brake peddle. Consistent with recall on same model produced during the previous two years and up to 2 months prior to current vehicle. ,N,N,0,0
11716344,KIA,EV6,2022,20260206,ELECTRICAL SYSTEM,"Electric car stopped working with home, (level 2 or AC charging), only level three or DC fast chargers. Took car to local dealership who confirmed the cars ICCU had gone bad, which is a known issue with this vehicle, and needed to be replaced. Since I had all the software recalls done to mitigate this matter Kia replaced it under warranty. There were no indication that anything was wrong with the vehicle until the first unsuccessful charging attempt at home.",N,N,0,0
11506666,HYUNDAI,SONATA,2015,20230210,FORWARD COLLISION AVOIDANCE: AUTOMATIC EMERGENCY BRAKING,Engine keeps losing power not sure why & also abs brake system out of nowhere when accelerating in freeway they automatically brake sometimes for safety feature ,N,N,0,0
11639286,KIA,SOUL,2022,20250129,VEHICLE SPEED CONTROL,RPM surges intermittently upon deceleration while in the sport mode. Began a few months ago.,N,N,0,0
11548885,HYUNDAI,TUCSON,2016,20231008,ELECTRICAL SYSTEM," Body: my vehicle has experienced a malfunction in the front passenger side door. This door does not open from the outside, regardless of it being unlocked. The failure occurs 99% of attempts to open said door. A repair was made by the dealer I purchased it from, yet the issue returned within a month. First incident: February 2022.   Electrical: My vehicle has also experienced malfunctions in all four windows. The initial malfunction occurred in July 2023, when the front driver side window would not go down. Within a week of having the window regulator and motor replaced professionally, the window regulator failed again (would not go back up after being let down)-- with an additional failure in the front passenger side window regulator. The part was replaced for the second time by a different independent service provider. This time,  the failure occurred when I inspected the service providers work.  The part was reordered and replaced yet again. However; the service provider made me aware that the issue had occured again, shortly after they repaired it and began testing it. The window was blocked off to keep it from sliding down. The issue is now present in all four windows. Each time it is repaired, the window regulator drum gears are stripped within 3-4 uses.  - Vehicle is available for inspection upon request.   - failure/malfunction was inspected and confirmed by two different independent service providers.  - there were no warning lights or signals aside from the initial failure leading to a failure in all four windows. ",N,N,0,0
11615878,KIA,EV9,2024,20240923,ELECTRICAL SYSTEM,"Without any previous warning signs or issues, the dashboard screen went blank. I was unable to see my speed, or use my signals and wipers. I tried turning the car on and off and it still wasnât fixed.   I was able to drive the car home and my infotainment system still operated but the screen with the important info is broken. ",N,N,0,0
11492376,KIA,SOUL,2015,20221105,UNKNOWN OR OTHER,"The engine light started blinking, I noticed even though I was pushing the gas my car wasnât accelerating properly, and by the time i stopped & turn my car off I could hear a very low clanking noise. Check oils, everything was at proper levels, no leaks under my hood. Iâm being told it could be a number of things and of course all possible issues are $500+ in repairing it. And my car has under 80k miles.",N,N,0,0
11542050,KIA,FORTE,2019,20230901,ELECTRICAL SYSTEM,"I have been having issues with my daytime running lights and brake lights going out and then coming back on randomly for almost 2 years . I have lost count of how many bulbs have been replaced. In May 2023, Deland Kia replaced the harness for the rear passenger brake light as they said it was melted, and 3 months later it is happening again. My radio changes stations by itself, my driver window would roll down by itself (window was fixed and hasn't given me any problems since). My forward collision light comes on at random and my car has slammed its brakes when I was nowhere near another car or anything obstructing. My steering wheel will jerk to the right on its own. These cars are death traps. ",N,N,0,0
11711520,KIA,EV9,2026,20260116,ELECTRICAL SYSTEM,"Instrument panel goes Black while driving. Keeps flickering on and off while driving. Took it to a dealer and they denied the flicker, even though I have 15 videos of it. Dealer just gave us the car back without fixing the issue and told us to live with it. This is extremely unsafe as we go up to a minute without seeing anything.",N,N,0,0
11532470,HYUNDAI,IONIQ 5,2022,20230715,ELECTRICAL SYSTEM,"1.We purchased the vehicle (Hyundai Ioniq 5, 2022 Model) on MAY 20, 2022. 2.The vehicle was acceptable until it started to fail on us while we were on the road, and soon after the vehicle crawled home at limited power and came to a stop, it would no longer even turn on. 3.Then started our nightmare with Hyundai USA. We called the service department and they told us, based on our brief description of what happened, that our vehicle would be unsafe to drive a single more mile (which was impossible anyhow because it wouldnât turn on), and to tow our vehicle to Hyundai dealership in Fayetteville, AR for repair on DECEMBER 27, 2022 at our own expense. 4. From what Hyundai, Fayetteville, AR's service engineer named Evan told us, they have replaced the fuse no less than four times and it kept blowing when they went to test the vehicle. After the basic fuse replacement, it caused the problem to become worse, and revealed an ICCU problem, that then revealed acceleration and charging problems, and the initial fuse problem still persisted. Codes kept popping up, and whenever they fixed the current issue, another one would present. Long story short, it turned out the vehicle was experiencing âmass power surges,â issues with the batteries, and displaying codes for reasons they were unsure of, causing the basic fuse replacement to âpop.â They even called in a Hyundai Engineer directly from corporate to try to fix the vehicle, but according to Evan, even he had no idea what was wrong with the vehicle and had left with some data.",N,N,0,0
11586406,KIA,OPTIMA,2013,20240501,ELECTRICAL SYSTEM,"The contact owns a 2013 Kia Optima. The contact stated that on several occasions while driving at various speeds or while parked, the electric windows, seats, sunroof, and radio failed to operate as needed. Additionally, when coolant was added to the coolant reservoir, the A/C unit blew warm air for 15 minutes before cooling down. The seat belt warning light was illuminated. The vehicle was taken to a car stereo store where it was diagnosed that the radio needed to be replaced. The vehicle was not repaired. The manufacturer was notified of the failure. The failure mileage was unknown.",N,N,0,0
11701567,HYUNDAI,ELANTRA,2024,20251125,FORWARD COLLISION AVOIDANCE: AUTOMATIC EMERGENCY BRAKING,"When I am using cruise control, my car will just randomly slam on its breaks. I have taken my car into the dealer multiple times, and they have written it off everytime. They have said itâs âdirect sunlightâ yet I can prove itâs not happening in the sunlight. It happened again today when it was cloudy. Itâs also happened before the sun came up in the morning. I have even filed a case with Hyundai directly, and they said if they canât get it to mimic it, then they canât do anything about it. But itâs so random, sometimes it happens 50 miles from home, other times itâs 300 miles from home. Always willing to let anyone inspect my vehicle to help solve this issue. Iâve been taking it to my dealer for a full year until I found out I needed to come put it here. Itâs random, it wonât happen in the same spot twice. But every time itâs done it, there is never a vehicle in front of me. My assumption is there is a defect with the adaptive cruise control. Iâve talked with Hyundai and they claim theyâve never heard of this happening to anyone, yet when I google it, there are MULTIPLE forums with people stating this exact thing is happening to them. SAFETY issue is it slams on the brakes so hard Iâll go from 80 to 65 before I can get the cruise control off. If someone is behind me when it does this, they will slam into me.when Iâm dropping 15 mph quickly, that vehicle behind me will hit me like Iâm a stopped object.  No warning lights before it happens. This has been happening since I bought my vehicle at 0moled to now where I have 34k miles ",N,N,0,0
11677788,KIA,SELTOS,2021,20250801,ELECTRICAL SYSTEM:INSTRUMENT PANEL:SPEEDOMETER/ODOMETER,"Odometer Fraud. The contact stated that the used car dealer had provided a 2021 Kia Seltos loaner vehicle to the contact while the contact's vehicle was being serviced. The contact stated that the loaner vehicle was returned to the used car dealer for service with an odometer reading of 111,000 miles; however, after the loaner vehicle was returned to the contact, the odometer reading was 69,014. The VIN was not available.",N,N,0,0
11635502,HYUNDAI,SONATA,2011,20250112,UNKNOWN OR OTHER,While Driving sometimes car comes to a slow paste like it wants to stall I have to take my foot off gas paddle and put my foot back on again for car to accelerate and speed up again I am also noticing this when I turn my headlights on while car is driving. Recently had car engine light come on and car had to be towed to a mechanic. Car was fix where light was gone but I am still having the problem with the car wanting to stall while driving.Took it to dealer who said they saw nothing wrong because no check light was on but the problem for me still is there as of this morning 1/12/2024,N,N,0,0
11538359,HYUNDAI,KONA,2022,20230814,FORWARD COLLISION AVOIDANCE: AUTOMATIC EMERGENCY BRAKING," I was driving up an incline when I overheated, causing smoke to come out of the transmission case. The vehicle suddenly stopped in the middle of the road, which could have caused an accident or fire. Regarding the transmission, I opened the hood to let the vehicle cool down for an hour.",N,N,0,0
11689901,HYUNDAI,PALISADE,2020,20250926,UNKNOWN OR OTHER,"The air compressor on my 2020 Hyundai Palisade with 55,321 miles has completely malfunctioned. The issue was diagnosed by Five Star Hyundai Dealership in Macon, Georgia on 9/26/25  and is currently available for inspection. The repair will cost $1,781. A failed A/C compressor in a 5-year-old vehicle could put my safety or othersâ safety at risk due to reduced visibility from poor defrosting, driver impairment from extreme heat, and secondary damage affecting critical systems like steering or electrical power. There were no warning lamps or messages prior to air compressor failure. However, Hyundai has issued a technical service bulletin (TSB) for certain 2020â2022 Palisade vehicles regarding the AC compressor. Bulletin 24-HA-003H: This TSB addresses reduced AC performance due to an ""out of specification"" AC compressor pulley and hub assembly.  INFORMATION REDACTED PURSUANT TO THE FREEDOM OF INFORMATION ACT (FOIA), 5 U.S.C. 552(B)(6)",N,N,0,0
11506590,HYUNDAI,KONA,2021,20230210,VEHICLE SPEED CONTROL,Vehicle will not go out of 3rd gear when on the interstate. The vehicle will go pass the redline and hit the fuel cut off and will not accelerate. Have to slow the car down and attempt to speed up again. Vehicle has almost been in accident multiple times due to almost being rear ended because can not get the vehicle up to speed.  ,N,N,0,0
11744480,HYUNDAI,SONATA HYBRID,2012,20260616,ELECTRICAL SYSTEM,"2012 Hyundai Sonata Hybrid well maintained by original owner, under 130,000 miles. May of 2025 AC stopped working intermittently (Hyundai dealer replaced AC hose). Aug 2025 AC stopped working AGAIN (same dealer could NOT identify problem). Car has consistent Hybrid System Warning! Safely Stop and Do not Drive messages lights and sirens when braking. Code PA186 comes up (low state of charge code for hybrid battery). December 2025 brought car back to SAME Hyundai dealer who NOW says car suddenly needs a 10k transmission (BUT still no idea what PA186 code is related to). Got transmission drained at different shop and NO NEW TRANSMISSION NEEDED! Every repair shop OUTSIDE OF HYUNDAI who has scanned for codes gets the PA186 error and say it is related to HYBRID BATTERY LOW STATE OF CHARGE (I am the original owner THUS lifetime hybrid battery warranty).  June 2026 different Hyundai dealer for repair of AC and PA186 code. NEW Hyundai dealer says AC issue is NOT related to the PA186 code. They still dont know what PA186 code is but want to charge me $5100 for engine wiring harness electrical short. SIDE NOTE!! Engine wiring harness electrical short is known issue for ABS module recall 251 for this car. Hyundai has denied the engine wiring harness electrical short repair as part of ABS recall 251 warranty and STILL cant tell me why Hybrid System Warning Lights and  PA186 code is come on. Is electrical issue really harness or HYBRID battery?? Car is currently at Hyundai dealer. ",N,N,0,0
11595971,HYUNDAI,SONATA,2020,20240623,UNKNOWN OR OTHER,Driving 55mph on highway car slows down and make a pop nose and back seat comes up and I start to smell gas ,N,N,0,0
11571897,KIA,OPTIMA,2017,20240214,ELECTRICAL SYSTEM,Got a bsd and check hybrid system while driving. ,N,N,0,0
11620548,HYUNDAI,ELANTRA N,2023,20241018,FORWARD COLLISION AVOIDANCE: AUTOMATIC EMERGENCY BRAKING,"Hyundai dealership âfixedâ the recall on my car a few weeks ago. This morning my car stalled out on the highway twice due to fuel pump issues, one of those resulting in my car hitting a guardrail. Every warning light went on in the car and a service message to make an appointment at the dealership popped up. I do not believe this vehicle is safe to keep using ",Y,N,0,0
11612164,HYUNDAI,TUCSON HYBRID,2024,20240902,VEHICLE SPEED CONTROL,"while driving N on hwy 75 in Dallas, I was traveling at posted speed- 70- in the 2nd of 4 lanes  when I was passed on either side by cars 10-15 mph faster than me. they passed almost exactly at the same time. This confused the cars auto breaking feature. The lane ahead was clear for over 100 yrds. My car braked hard and beeped a warning. There was no reason for the car to do this. This is the 3rd time the car has braked on the hwy when it was not necessary. Previously, I assumed Road trip bugs on the censor caused the issue, That could not have been the cause this time.     This is also a concern because the spyware in the car is sold to insurance Companies Apparently, as bad driving behavior which may affect my rates.   ",N,N,0,0
11688002,HYUNDAI,ELANTRA,2019,20250917,ELECTRICAL SYSTEM,"My high beam lights have malfunctioned and no longer work. The light on the dash states that my headlights are on but they just flick on for one second and discontinue to work. I live in a rural area and can not see at all when leaving home in the early am hours or when returning home in the evening. I've had to stop on the side of the road at certain times, because I have no visibility.  My car is approaching 6 years old with less than 70,000 miles and this is ridiculous. The dealership is charging over 2,000 dollars to fix this issue and I think this is highly unacceptable for a car of this age, especially when I bought the car brand new. I bought a brand new car to avoid issues such as this, but I have seemed to pay the price but not receive the  safety that I have paid for. There are so many complaints online for this exact issue. I would highly appreciate if safety is held as a priority for this issue and you all place this as a recall ASAP. ",N,N,0,0
11569836,KIA,NIRO EV,2023,20240204,UNKNOWN OR OTHER,"I received this recall notice that I thin is a scam as it is not listed on your site.  U.S. Department of Transportation (DOT) National Highway Traffic Safety Administration (NHTSA) <NHTSA-Recall-Alerts@service.govdelivery.com> reply-to: NHTSA-Recall-Alerts@service.govdelivery.com Your vehicle MAY be involved in a safety recall and MAY create a safety risk for you or your passengers. If left unrepaired, a potential safety defect could lead to injury or even death. Safety defects must be repaired by a dealer at no cost to you. Why am I getting this email? You are receiving this message because you requested to be notified by the National Highway Traffic Safety Administration (NHTSA) if there is a safety recall that may affect your vehicle. The following may apply to one or more of your vehicles if your vehicle is listed below. Click on the NHTSA Recall ID Number below to read more about the safety issue and the reason for the recall. To find out if your specific passenger vehicle is included in the recall, use our VIN Look-up Tool. NHTSA Recall ID Number : 24V057 Manufacturer : Kia America, Inc. Subject : Loss of Drive Power from Faulty Driveshaft Make Model Model Years KIA EV6 2023 KIA NIRO EV 2023-2024 What is a recall? When a manufacturer or the National Highway Traffic Safety Administration (NHTSA) determines that a vehicle creates an unreasonable risk to safety or fails to meet minimum safety standards, the manufacturer is required to fix that vehicle at no cost to the owner. That can be done by repairing it, replacing it, offering a refund (for equipment) or, in rare cases, repurchasing the car. What should I do if my vehicle is included in this recall? If your vehicle is included in this recall, it is very important that you get it fixed as soon as possible given the potential danger to you and your passengers if it is not addressed. You should receive a separate letter in the mail from the vehicle manufacturer, notifying you of the recall and explaining when ",N,N,0,0
11527874,HYUNDAI,IONIQ 5,2022,20230620,ELECTRICAL SYSTEM,"The vehicle completely lost power and there was 207 miles left to the charge. The message displayed on the driver's screen read ""12V battery voltage low. Stop safely"" I had no other choice than to stop since the car suddenly had zero power.  The car was towed to Hyundai dealership on 2/15/23 and I have yet to have the vehicle repaired. Hyundai keeps informing me that the part is on order and delayed. I have been waiting a long time for a defective vehicle.",N,N,0,0
11533311,HYUNDAI,ELANTRA,2015,20230719,ELECTRICAL SYSTEM,"The contact owns a 2015 Hyundai Elantra. The contact stated that while driving at various speeds and making right or left turns, the vehicle inadvertently shut off. After restarting the vehicle, the vehicle operated as designed. The contact stated that failure also occurred while driving straight. The cause of the failure was not yet determined. The local dealer and manufacturer were notified of the failure, but no assistance was provided. The failure mileage was 54,000.",N,N,0,0
11654685,HYUNDAI,IONIQ 5,2023,20250415,UNKNOWN OR OTHER,"- The ICCU assembly failed while I was driving on the highway.  - The ICCU failed even after I had the car taken in due to a recall on the ICCU unit.  In other words, the repair that they suggested I do to the ICCU DID NOT WORK, which means I was driving a dangerous vehicle.  - When the ICCU failed, the car slowed down to 25 miles an hours and then a crawl while I was driving on the highway with my family.  I was lucky to not get into an accident.    - I have taken the car into the dealer and they have told me it will take up to two months to get the ICCU fully replaced because the unit in my car failed even though I had it repaired during the recall.  - I have contacted Hyndai requesting they buy back my car because it is unsafe to drive.  They have not responded.   - YOU NEED TO GET THIS SORTED OUT ASAP. THE RECALL REPAIR ON THE ICCU DID NOT WORK AND THERE ARE OTHER CARS THAT ARE AT RISK OF FAILING. ",N,N,0,0
11690103,HYUNDAI,TUCSON,2022,20250927,ELECTRICAL SYSTEM,"Both horns needed to be replaced three times due to both stopped working and I listed the dates below. First time replacement: 4-6-24, Second time replacement: 10-9-24, Third time replacement: 1-16-25.  Now on 9-26-25 both horns stopped worknig again, I checked the horn fuse and that is good. I now need to call the dealer to have both horns replaced for the fourth time. I also contacted Hyundai's national customer service to log a complaint as well.  To me this is a safty issue since the horn is used to possible prevent an accident.   I check the horns when I drive the car since they go bad so often and I have under 28,000 miles on the vehicle.",N,N,0,0
11642950,KIA,SELTOS,2025,20250215,ELECTRICAL SYSTEM,"Car delivered [XXX] since then we have had 3 incidents of the dash control lights  going out along with the head lights going dim making  it very dangerous  to drive in the dark. Car had  about 1200 miles on it when it started and it had 1823 miles on it when they had a appointment for me to get the car in. We are going on a 3 week trip south at the end of march and based on my experience with  the Saltos, the dash lights go out and the head lights either go out or go very dim.  How do I know, I had a 2023 Seltos that had the same problem, answer from Ganley Kia,  could not duplicate,  another Kia I owned when I lived in Georgia, Dash llights and head lights went out in the mountains in the dark. Dealer replaced this car  INFORMATION REDACTED PURSUANT TO THE FREEDOM OF INFORMATION ACT (FOIA), 5 U.S.C. 552(B)(6)     ",N,N,0,0
11610088,HYUNDAI,ELANTRA,2020,20240821,ELECTRICAL SYSTEM,"A fire started in the passenger headlight assembly. The car had only been running for about 7 minutes directly prior to the fire being noticed. At the time of the fire it was parked & turned off. No injuries. It burned thru/melted part of the bumper & damaged something with the windshield washer fluid. Several people were at risk due to there being a fire! The car was parked at a gas station when the fire broke out. I don't think they have done a thorough investigation yet. It is current at Hyundai of Metairie in Metairie LA. According to the service technician my car is not the only one they have there that had the same thing happen. No warning signs, sounds, or anything else.",N,Y,0,0
11552356,HYUNDAI,SANTA FE SPORT,2018,20231028,UNKNOWN OR OTHER,I had no warning lights or messages and then the engine threw a rod and my car just died on the side of the road. It had apparently been burning oil. I get it back after 2 months and it needs a battery. Now the check engine light is on and it has affected the catalytic converter. ,N,N,0,0
11501418,HYUNDAI,KONA,2020,20230112,FORWARD COLLISION AVOIDANCE: WARNINGS,"I have a 2020 Kona SE AWD and have a problem with a Check Forward Collision Sensor error that happens infrequently. When it happens, you get a ding then on the dash in a large graphic ""check forward collision sensor"" then BANG the brakes are applied for a split second and the car violently drops into a lower gear and revs until you turn the car off and ""reset"" the system.  This has happened 4 times in the last 2 thousand miles. Been to the dealer twice and they cannot recreate the problem, so they can not fix anything. When this happens, its feels like a collision. It is scary and magnified at highway speed. It has happened at highway speed and low speed, both day and night. ",N,N,0,0
11544794,KIA,SOUL,2022,20230915,FORWARD COLLISION AVOIDANCE: AUTOMATIC EMERGENCY BRAKING,"When applying brakes over bumps the car sounds as if the brakes are locking up. When putting are in reverse and it uses the Automatic Emergency Braking aggressively too early. I have already paid to replace the window motors due to all windows not working when using the button on drivers side buttons, since replacing those motors the vehicle STILL continues to have electrical malfunctions when rolling windows down they won't roll up.",N,N,0,0
11476842,KIA,SORENTO,2015,20220801,VEHICLE SPEED CONTROL,The vehicle has stalled 3 separate times in the rain. ,N,N,0,0
11720871,HYUNDAI,VELOSTER,2013,20260227,ELECTRICAL SYSTEM,"I am writing regarding a serious safety issue with my 2013 Hyundai Veloster, purchased new. Over the life of the vehicle, I have replaced the manual AC/heat control head three times due to repeated failure.  During the most recent installation, I left the trim panel off to monitor the wiring harness and found it becomes extremely hot while operating. A local repair technician examined it and immediately advised me not to use the heating system due to potential fire risk.  Research specific to my vehicle shows documented issues including blower control overheating, burning smell/smoke, burned internal contacts, wiring harness heat damage, and repeat control failure. These match exactly what is occurring with my car.  I previously spoke with my dealershipâs parts department and was told there may be known concerns involving the wiring harness and blower resistor. I also contacted Hyundai Motor America Consumer Affairs but did not receive assistance.  After inspection, the dealership informed me the wiring harness and resistor must be replaced at a cost of approximately $2,450. Given the repeated failures and overheating electrical components, I do not believe I should be responsible for this expense, especially considering the potential safety hazard. The vehicle has been carefully maintained, stored properly, and rarely driven in winter. I had planned to use it for travel after retirement but now feel unsafe operating it.  I respectfully request a formal safety review and goodwill repair assistance, as this appears to be a defect rather than normal wear.  I am also filing a complaint with the National Highway Traffic Safety Administration due to the documented fire risk.  I appreciate your prompt attention to this matter. I am respectfully requesting:  A formal safety review of this issue.  Goodwill repair assistance or full coverage of the repair costs.  Clarification as to whether this issue has been evaluated for recall consideration.  [XXX] , [XXX]   INFORMATION REDACTED PURSUANT TO THE FREEDOM OF INFORMATION ",N,N,0,0
11710115,KIA,FORTE,2016,20260110,VEHICLE SPEED CONTROL,"I am filing a formal complaint regarding serious safety and mechanical problems with my vehicle. The brakes do not function properly and I have to add brake fluid every few days, which indicates a possible leak or brake system failure. This creates an extremely dangerous driving condition. The vehicle also has electrical problems, including malfunctioning lights. The engine has lost power, making it unsafe to drive, especially in traffic or on highways. In addition, the airbag warning light is on, which means the airbag system may not deploy in a crash, putting me at risk of serious injury or death. These problems have made the vehicle unreliable and unsafe to operate. I am requesting that these issues be inspected and repaired immediately at no cost to me, or that the vehicle be replaced or refunded under warranty or consumer protection laws. I am concerned for my safety and the safety of others, and I expect this matter to be handled urgently.",N,N,0,0
11677493,HYUNDAI,SONATA,2018,20250731,UNKNOWN OR OTHER,"My starter failed after 35,683 miles leaving me stranded in a parking lot at night. The life expectancy for a starter is between 100,000and 150,000 miles. Hyundai replaced the part at a cost of $1,139 which is way above what it normally costs to replace a starter. The starter is at the dealership and is not available for inspection. Being stranded in a parking lot made me very uncomfortable and what if the starter had failed in a bad section of town. The problem was confirmed by a Hyundai dealership who replaced the part after I had my vehicle towed to their service department. The only ones who inspected the vehicle was a mechanic at the dealership. There wer no warning lamps or messages, but I did notice the car did not start on the first try before the starter failed. 07/29/2025",N,N,0,0
11504393,KIA,SORENTO,2020,20230130,ELECTRICAL SYSTEM:12V/24V/48V BATTERY,"The contact owns a 2020 Kia Sorento. The contact received notification of NHTSA Campaign Number: 22V703000 (Trailer Hitches) however, the part to do the recall repair was not yet available. The contact stated that the manufacturer had exceeded a reasonable amount of time for the recall repair. The contact stated that the battery drained quickly after not driving the vehicle for several days. The dealer was made aware of the failure but confirmed that parts were not yet available. The vehicle was not repaired. The manufacturer was made aware of the failure. The failure mileage was approximately 50,000. Parts distribution disconnect.",N,N,0,0
11688858,HYUNDAI,VELOSTER N,2022,20250922,ELECTRICAL SYSTEM,"This problem has happened sporadically since the first instance described below. I was driving in the left lane at 65mph on the highway during a bend in the road. The steering when extremely stiff, which is extremely alarming on the highway. The car chimed and produced the messages, ""check power steering"" and ""check lane departure warning system"". From that point until I was able to stop somewhere safely, the vehicle had no power steering. Turning the car off and on is a short term remedy about half of the time, and the problem returns either immediately, or days later. ",N,N,0,0
11741640,HYUNDAI,IONIQ 5,2025,20260602,ELECTRICAL SYSTEM,"I pulled my car out of the garage and proceeded to drive up the street. I suddenly heard a weird sound and an emergency warning appeared on my dashboard stating to check vehicle electrical system. I immediately stopped the car and returned it to the garage. Upon turning the car on a second time to check the message a second message appeared saying âstop vehicle and check power supplyâ. I called Hyundai for a tow truck to have the vehicle towed to the dealer. When I turned on the car to back it out of the garage it got halfway out and the entire system shut down making everything inoperable including flashing emergency lights, windows etc. there was very little time between the warning light going on and the car becoming inoperable.   The dealer diagnosed a failure of the  ICCU system which has been reported for several years. A quick Google search reveals that many Ionic owners have experienced this failure.  I was incredibly lucky that this occurred within a block of my house. The previous night I was driving home on the LA freeways. Had this failure occurred at night on the freeway it could have been life threatening as there is very little time to get to safety and the hazard lights  and all electronics become useless.  The dealer said that they will be replacing the ICCU system with a better one. If that is the case then why wasnât this car recalled and the ICCU replaced?   ",N,N,0,0
11560762,KIA,OPTIMA,2012,20231218,ELECTRICAL SYSTEM,Still no remedy for fve safety recall and my car continues to smoke leaving it unable to be driven. ,N,N,0,0
11673997,KIA,CARNIVAL HYBRID,2025,20250716,UNKNOWN OR OTHER,"Sometimes when I start the engine the sliding doors does a quick open and closes. Told the dealership about it and they couldnât fix the problem. Itâs annoying but I Didnât really have an issue until my [XXX]  old got hit on the head by the sliding door.  INFORMATION REDACTED PURSUANT TO THE FREEDOM OF INFORMATION ACT (FOIA), 5 U.S.C. 552(B)(6)",N,N,1,0
11597684,KIA,NIRO,2023,20240629,FORWARD COLLISION AVOIDANCE: AUTOMATIC EMERGENCY BRAKING,"Last year, I purchased a new 2023 Kia Niro Hybrid and had a 24-month lease contract on it. After 9 months (5,700 miles), my car started having problems (Forward Collision Warning, random loss of power steering).   My car had to be towed twice to a KIA dealership, where I was told nothing was wrong with my car. They finally agreed to run a scan on the electric syste, where they found a few communication issues. After doing a system update, KIA told me the problems were fixed, however, the car kept having the same problems plus a new one (random Automatic Emergency Braking).  At this point, the car was too unreliable to drive so I returned it to my KIA dealership. Although the car clearly had problems that Kia couldnât fix, I had to pay to get out of my lease and ended up buying another car, not a KIA.  I am reporting the issues with the 2023 KIA Niro Hybrid to make sure people are aware of the issues on this particular car in case it is put on the pre owned market. I believe weâve been very lucky not to get into an accident, my [XXX] drove it in the city and on the highway and I can't imagine what would have happened if the Automatic Emergency Braking would have gone off then.  INFORMATION REDACTED PURSUANT TO THE FREEDOM OF INFORMATION ACT (FOIA), 5 U.S.C. 552(B)(6)     ",N,N,0,0
11581526,HYUNDAI,IONIQ 5,2022,20240406,ELECTRICAL SYSTEM,"I was charging my car at home like I usually do and around 2am I received an alert on my Bluelink app that a charging alarm was detected.   I saw that the breaker for my charger had tripped which it had never done before.   I reset the breaker and tried to restart charging but was not successful.    I turned on the car and immediately got the battery and EV warning lights telling me to stop the vehicle.   I was charging my car at home like I usually do and around 2am I received an alert on my Bluelink app that a charging alarm was detected.   I saw that the breaker for my charger had tripped which it had never done before.   I reset the breaker and tried to restart charging but was not successful.    I turned on the car and immediately got the battery and EV warning lights telling me to stop the vehicle.   I had the vehicle towed to my local dealer and they determined it was the ICCU issue that has affected many Ioniq 5s.  I had the software update done that was part of campaign [XXX] but it obviously didnât work.    It took a week to get a new ICCU fuse in and they also updated the software again in accordance with recall [XXX].    I am leery about another software fix solving this problem for good.  INFORMATION REDACTED PURSUANT TO THE FREEDOM OF INFORMATION ACT (FOIA), 5 U.S.C. 552(B)(6)  ",N,N,0,0
11668898,KIA,SPORTAGE HYBRID,2025,20250624,VEHICLE SPEED CONTROL,"I have a 2025 KIASportage Hybrid that I loved due to all its safety features. Yesterday I was pulling into a parking space when my car lunged forward  two times making very loud sounds. I was near a brick pillar it it tore off the right front of my car. The bricks were damaged. When I came home I looked up Kia Sportage lunching problems. There are many to read. They talk about âsudden accelerationââ and that is exactly what happened. It just lunged forward. Thankfully a human was not on the sidewalk. It went up over the curb and on the sidewalk. Itâs called a jerking car in articles. Even if my car is fixable I wonât trust it. If this problem IS FIXABLE, why isnât it fixed before selling the car to consumers. Iâm quite distraught about this event. Warning must go out to consumers. I called a collision center this morning and they have seen this before. On the Cars Connect website, it tells of this event on 2020 Kia Sportage. It says  ââViolent, scared the heck out of me.â So, what is happening and why hasnât it been fixed?  I could have injured someone badly. [XXX]  [XXX]  Arlington, Texas INFORMATION REDACTED PURSUANT TO THE FREEDOM OF INFORMATION ACT (FOIA), 5 U.S.C. 552(B)(6)",Y,N,0,0
11542226,HYUNDAI,TUCSON,2016,20230902,UNKNOWN OR OTHER,"Both front windows have stopped working. From a Google search on possible fixes, this is a common issue with 2016 Hyundai Tucsons. Itâs also very expensive to fix and a great safety hazard. ",N,N,0,0
11582554,KIA,EV9,2024,20240412,UNKNOWN OR OTHER,"I leased my EV9, GT from Northstar KIA, NY. I got the delivery of EV9 GT on 3/29/2024. I started to notice that the car was not charging properly. After the whole night of charging it was charged like 3-4% at most. on the 3rd-4th day, the car started to make sudden abnormal sounds. I called the salesperson and dealership regarding the charging, and other issues, and told me to take it to the service center. I took the car to the service center on 4/7/2024, and I was told that the mechanic for EV9 was not available that day. Later that day I was driving to the shopping mall, and the car started to behave weirdly, after driving about 8-10 miles, right before the mall entrance, the car became very slow, it was not responding to acceleration. I was slowly able to pull the car to the parking. About 2-3 hours later when I started the car again, it started normally, all the signs were good, and as soon as I turned my car on the main street, about 3-4 minutes after starting the car, it suddenly stopped.  Thank God, there were no cars right behind me. The power was on,  but the car was not moving. I had to tow the car to my home since the service center was closed. The next day I called Kia roadside assistance and it is at a service center on 04/08/2024.   I am an extremely busy physician and have small children in my household. I am deeply concerned about the safety aspects of this vehicle as it tends to shut off in the roadway while driving. This is extremely dangerous for me and my family.   To my surprise, My dealer, Northstar KIA has no loaner vehicle. After my repeated requests, my salesperson told me to go to the service center and ask for a rental car. and also told me they would reimburse the rental fees. When I called the service center, they said they do not have any rental or loaner car. While I leased and paid for the car, I am without my car or a loaner car.",N,N,0,0
11691075,KIA,K5,2021,20251002,ELECTRICAL SYSTEM,"Kia has a known issue with the HVAC blower motor circuit on this vehicle model.  They have issued a warranty extension related to relocating the blower motor fuse to another circuit in the fuse box, due to potential burning of fuse(s).  After executing this extended warranty fuse-relocation-procedure, our blower motor relay burned and was replaced twice by separate Kia dealers.  Kia is now claiming that our entire wire harness needs to be replaced at our own cost.  It is quite obvious that any wire harness issue is now very dangerous (electrical arcing and melting) and was caused by the original motor circuit issue.  (The two Kia dealers agree with our assessment but are saying that Kia will not repair because original warranty extension was limited to rewiring.)  Safety issues:  Electrical fire hazard (already demonstrated with burning/melting fuse-box before and after extended warranty procedure was executed). No A/C in 95 degree F conditions.  ",N,Y,0,0
11446690,HYUNDAI,SONATA,2012,20220107,VEHICLE SPEED CONTROL,"After an oil change, my car started losing power at the gas and suddenly turned off on me while I was driving and never turned back on! When I tried turning my car back on my engine started smoking",N,N,0,0
11715018,HYUNDAI,VENUE,2024,20260202,UNKNOWN OR OTHER,"The soy-based coating on the harness surrounding critical wiring attracts squirrels who are keen to the scent resulting in wiring critical to the operation of the vehicle being chewed and malfunctioning. Not only is this repair expensive, but since one doesn't know it has happened, it is extremely dangerous when messing with critical components that affect the safe operation of the vehicle. Insurance has determined they will pay for the repair, but nothing is done to recoup the $500 deductible I had to pay, and the inconvenience of not having my vehicle for a long period of time. The replacement part is the same which means that this could happen repeatedly. . Hyundai refuses to compensate owners.",N,N,0,0
11570631,KIA,SORENTO,2013,20240207,ELECTRICAL SYSTEM,"It has been 3 months since first notification, called KIA and dealer today 2/7/2024.   Have smelled burning/melting smell.  No warning lights so far.  Dealer says it still has no remedy and cannot inspect or repair.  ",N,N,0,0
11731966,KIA,EV6,2025,20260417,ELECTRICAL SYSTEM,I START VEHICLE AND TRY TO PUT TRANSMISSION TO DRIVE ITS NOT WORKING AFTER I TRY TO PUT VEHICLE TO REVERSE TRANSMISSION ITS NOT WORKING,N,N,0,0
11571118,KIA,SPORTAGE,2020,20240209,UNKNOWN OR OTHER,"As I was driving down the road,I started to see steam/smoke coming out of the enginge.  I went to pull over and lost my brakes. I ended up tapping the car in front me.  My car started to fill with smoke and then engulfed in flames.  By looking at the pics, it appears the fire started on the driver's side.  The car is a total loss. ",Y,Y,0,0
11533367,HYUNDAI,SANTA FE,2020,20230719,FORWARD COLLISION AVOIDANCE: AUTOMATIC EMERGENCY BRAKING,"I was pulling out of a sidestreet and realized a car was coming and used the brake. The Automatic Braking system activated and VIOLENTLY stopped the car. I was only going about 5 miles an hour but the tremendous force from the Braking system caused my rotator cuff and my bicep to tear. It cost me thousands to pay for surgery and physical therapy.  I am very worried about all the injuries that this system causes. I have since had the dealership turn it off. I can not risk being injured like that because the car thinks that there will be a collision when I know that my manual braking was sufficient. There was no chance of any accident. I had Hyundai (case # 20962390) inspect the car & they claim (after 4 different inspections) that there is no issue with the system. They also claimed that it wouldn't activate at 5mph but I know that is not true. So if it works correctly, how many people are injured? Before you mandate that the car stop at 65mph, you need to gather more info on how many injuries have occurred. ",N,N,1,0
11497836,KIA,SORENTO,2016,20221217,UNKNOWN OR OTHER,"What component or system failed or malfunctioned, and is it available for inspection upon request? A tow hatch could catch on fire when driving which is terribly dangerous and saying it could cause fire while being parked as well.  How do you expect people to keep driving and be stressed about being burned?  How was your safety or the safety of others put at risk? Me and my family and I have been put at risk by letting us know that when driving our vehicle a fire can start anytime and we have to park away from all other cars outside. We live in a community where kids are playing outside all the time so if a fire does start not only are  we putting ourselves in danger when driving the car but other people live if the car goes into flames.   Has the problem been reproduced or confirmed by a dealer or independent service center? I have contacted a Kia dealer where I live and nobody has reached back out to me about the situation and that was the first that I received the letter.   Has the vehicle or component been inspected by the manufacturer, police, insurance representatives or others? It hasn't been inspected by a dealer if the dealer will not respond back and they are not taking appointments online from the Kia Dealer. If I am not hearing anything back I will have to take this further because, someone can get hurt if it's a recall on my car. I need a new car or something.  Were there any warning lamps, messages or other symptoms of the problem prior to the failure, and when did they first appear? I didn't have any warnings because I always take my car to Valvoline for an oil change and they give me a paper if something is needed done to the car and this never came up until I received the message from GEiCO and the letter in the mail about the recall.",N,N,0,0
11716330,HYUNDAI,SANTA FE SPORT,2016,20260206,ELECTRICAL SYSTEM,I turned off the car and went inside the house. I was outside and could smell smoke. I walked to the front of the house and saw my neighbor who was calling 911 due to flames from my engine. The flames reached the yard and my garage where minor damage occurred. The vehicle was completely engulfed in flames before the fire department extinguished it.,N,Y,0,0
11580773,HYUNDAI,ELANTRA,2018,20240402,ELECTRICAL SYSTEM,CAR DOESNT REGISTER MAPS WELL FREEZES DASHBOARD GPS LIGHTS FLICKER. KEEPS MAKING NOISE BEEPING REQUESTING PASSENGER PUTS SELT BELT ON WHEN THERES NO ONE THERE.,N,N,0,0
11703048,HYUNDAI,IONIQ 5,2023,20251204,ELECTRICAL SYSTEM,"While driving on the freeway I heard a pop and a saw a warning notification on the dashboard to check the vehicles electrical system. This was followed by a warning that power was limited which resulted it the vehicle speed decreasing to 30mph, and finally a notice to stop the vehicle immediately. All of this occurred in about 5 minutes time. Thankfully, I was able to pull over to the side of the road without an accident. After this the vehicle became inoperable including hazard flashers. I had to wait on the side of the freeway for about an hour to get a tow. The vehicle was towed to a dealer which confirmed that the ICCU and high voltage fuse were faulty. My safety during this process was put at risk because A) during a snow storm I had to pull the vehicle over to the side quickly across 4 lanes of traffic and B) then remain parked on the shoulder with limited ability to notify other drivers that I was on the shoulder.  The dealer has confirmed the failure, the vehicle is available for inspection, and the manufacturer has not inspected the component.",N,N,0,0
11693915,KIA,TELLURIDE,2024,20251016,FORWARD COLLISION AVOIDANCE: AUTOMATIC EMERGENCY BRAKING,"Summary: Emergency collision warning system activated unexpectedly at highway speed, causing sudden braking and loss of vehicle control.  Details: While traveling approximately 65 mph on [XXX] , the emergency collision warning system in my Kia activated suddenly and without cause. There were no vehicles in front, beside, or near me at the time. The system automatically engaged the brakes, causing the rear of my vehicle to jackknife.  The vehicle did not slow graduallyâit braked abruptly, creating a serious risk of rear-end collision. Afterward, the car would not shift back into drive, leaving me stranded in a dangerous location in the middle of the highway.  This is the third time I have contacted Kia regarding the same malfunction with the emergency collision warning system. The issue remains unresolved and continues to pose a severe safety hazard to myself and other motorists.  Date of most recent incident: [XXX] Vehicle information: 2024 KIA telluride Vin: Est.mileage: 37,000 Location: [XXX]   Summary of concern: This malfunction causes the vehicle to brake unexpectedly and lose drivability, with no valid reason for system activation. This could easily result in a rear-end crash or multi-vehicle collision. I am requesting that NHTSA investigate whether other Kia owners have experienced similar incidents and whether this issue warrants a safety recall or software fix.  This is my third experience with this warning system malfunctioning I have reached out to Kia previously before. INFORMATION REDACTED PURSUANT TO THE FREEDOM OF INFORMATION ACT (FOIA), 5 U.S.C. 552(B)(6)",N,N,0,0
11577672,HYUNDAI,KONA,2023,20240315,UNKNOWN OR OTHER,"The horn has failed; will not produce sound.  The fuse has tested good for continuity.  Many online threads offering the same horn failure from Hyundai but no recall, at this point.  This is in direct violation of Florida statute 316.27...Horns and warning devices.  I have a dealer appointment made.",N,N,0,0
11625813,KIA,SPORTAGE HYBRID,2024,20241117,VEHICLE SPEED CONTROL,Cruise control suddenly jumped to 110mph. Could not adjust the speed. Could only turn off cruise control.  It happened several times in a row. Car would speed up until I hit the brake.,N,N,0,0
11694770,KIA,TELLURIDE,2020,20251021,UNKNOWN OR OTHER,My sunroof will not close all the way. I have read different threads and it seems I am not the only person with this make and model having the issue.,N,N,0,0
11613883,KIA,RIO,2013,20240910,ELECTRICAL SYSTEM,"Dealer has failed to remedy recall 23V652 in a reasonable amount of time.  Received the original recall notice dated April 10, 2024. Immediately scheduled an appointment with the dealer. Dealer fixed another outstanding recall but said they didn't have the part for the 23V652 recall. Contacted the dealer several times since and they say they don't have the part to fix the recall and will get back when they do. Contacted Kia and explained the situation. They said they'd get back. Never heard from them. This is a recall for a fire hazard. It was dated April 10, 2024. It is now September 10, 2024.",N,N,0,0
11544622,KIA,SPORTAGE,2020,20230914,UNKNOWN OR OTHER,My 2020 KIA SPORTAGE WAS STOLEN AFTER THE RECALL WHERE KIA INDICATED THE RECALL WOULD DETECT THAT A KEY WAS NOT INSERTED AND WOULD SHUT DOWN CAR.   THIS DID NOT WORK BECAUSE MY CAR WAS STOLEN AFTER THE RECALL!!!  CAUSING EXTREME DURESS AND FINCIAL DISTRESS.  THIS RECALL WAS JUST A SMOKE SCREEN TO LET EVERYONE THINK IT WAS FIXED AND THAN TACK A COUPLE SECURITY STUFF ON THE WINDOWS.  WHEN IS ENOUGH  IS ENOUGH AND THE NHTSA FINALLY MAKES KIA RECALL THERE CARS AND INSTALL AN IMOBILIZER AS PER NHTSA CODE.,N,N,1,0
11568980,KIA,SORENTO,2012,20240131,ELECTRICAL SYSTEM,"The Hydraulic Electronic Control Unit (HEUC) may experience an electrical short circuit, which may result in an engine compartment fire while driving or parked. The notice was received 11.14.23. The part is not available. The warning light under the WARNING in the letter, illuminated on my dashboard and I followed the WARNING instructions: PULL OVER TO A SAFE LOCATION. TURN OFF THE ENGINE. CALL KIA ROADSIDE ASSISTANCE AND HAVE THE VEHICLE TOWED TO A KIA DEALER AS SOON AS POSSIBE. I did this. I had to pay $166.77 for the tow and can't be refunded until the remedy notice is issued. Kia tells me they have to charge $190 to diagnose the car and that there is no remedy at this time. It has been 77 days, today, since the recall was sent. I understand Kia is aware prior to the notice issuing. This is a major safety issue. A fire can be catastrophic. This is interfering with my livelihood. I am a traveling cardiac nurse and I am single, with no other means of travel. I have just this one vehicle to rely on. Why is there not a remedy for this recall after so long? This is unacceptable and Kia needs to be held responsible. ",N,N,0,0
11651805,HYUNDAI,SANTA FE XL,2019,20250331,UNKNOWN OR OTHER,Sun roof exploded. We were driving down the highway and heard a loud crack. The sun roof exploded on us and there was shattered glass from the front to the back of the vehicle. There is no evidence of anything hitting the glass and there was no weather that could have caused the damage. Cloudy skies but 50 degrees Fahrenheit. Absolutely no way to explain the incident. Both my husband and I received small cuts trying to remove the glass. Our dog was in the vehicle and luckily was not harmed in the event. ,N,N,0,0
11571820,KIA,OPTIMA,2013,20240214,ELECTRICAL SYSTEM,I am concerned about my 2013 Kia Optima SX smoking at a mechanic shop. Mechanics identified smoke from the ABS Control Module or HECU. This raises serious safety concerns. I urge thorough investigation and prompt resolution. Clear communication is expected throughout the process to ensure vehicle safety and reliability. ,N,Y,0,0
11686809,KIA,TELLURIDE,2023,20250912,FORWARD COLLISION AVOIDANCE: WARNINGS,"Every time this issue happens, ALL the safety warnings are going off on my dashboard, telling me to check each safety feature and that it's currently NOT working.  1 - Check AWD/4WD 2 - Check Blind Spot Safety System 3 - Check Tire Pressure Monitoring System 4 - Check Smart Crusie Control System 5 - Check Forward Side Safety System 6 - Check Rear Cross Traffic Safety System 7 - Check Lane Following Assist System 8 - Check Lane Change Assist Function 9 - Check Lane Safety System 10 - Check Speed Limit System 11-Check High Beam Assist System 12 - Check inattentive Driving Warning System 13 - Check Door System 14 - Check Truck Lift gate System - ALL going off while I also LOSE MPH and Turn Signal capability and cameras. ",N,N,0,0
11549579,HYUNDAI,TUCSON HYBRID,2023,20231012,VEHICLE SPEED CONTROL,"On four occasions in the last five weeks, I have been driving at relatively low speed (20-30 MPH), and when I attempt to accelerate, the vehicle will not accelerate when I press the gas pedal.  The tachometer shows the RPMs are maxed out, but the vehicle does not accelerate no matter how hard I press the gas pedal.  I have to pull off the road, turn off the vehicle, and restart to fix it.  I am certain I have not accidentally hit any buttons or switches each time.  I have tried changing drive modes (eco/normal/sport) and using the paddle shifters and that has no effect.  Cruise control is off, and no other speed limiting system is activated.  There are no warning lights or indicators when this occurs.   This is incredibly dangerous, as I am unable to get up to speed on a main road.  A few instances led me to be unable to successfully merge onto a main road, which has led to me almost being rear-ended on one occasion, and the most recent instance I was in the left lane of a main road and attempting to pass a large truck and could not maintain speed.  I was fortunate to come upon a slight downhill slope and was able to coast across the right lane and get off the road, but it was a near-accident.  The dealer service center was unable to diagnose the issue, and therefore could not repair it.",N,N,0,0
11575323,HYUNDAI,VERACRUZ,2008,20240304,UNKNOWN OR OTHER,"Component or System Failed or Malfunctioned: The ABS harness connecting to the ABS module is the primary culprit. Specifically, the top part of the harness is not adequately sealed, which has led to water ingress and subsequent wire shorting.  Availability for Inspection: No, the ABS harness is available for inspection upon request.  Safety Risk: The malfunctioning ABS harness poses a significant safety risk. When the ABS system fails, it affects braking performance, stability control, and traction control. This jeopardizes the safety of both the driver and other road users.  Confirmation by Service Centers: While the issue was previously identified by the Hyundai Dealer it was attributed to a short in the Tow Hitch Wire. Unfortunately, the problem was not adequately resolved at that time.  The recent appearance of the ESC Light, ABS Light, and Traction Control Light confirms that the issue persists.  Inspections: The vehicle has not been inspected by the manufacturer, police, or insurance representatives specifically for this issue.  However, the symptoms (warning lights) have been observed consistently during driving.  Warning Lamps and Symptoms: ESC Light: Periodic flashing and occasional getting stuck. ABS Light and Traction Control Light: Illuminating after driving, especially during turns or rapid acceleration.  These symptoms have been present for an extended period.  Cause Assessment: The top part of the ABS harnesses not being properly sealed has allowed water ingress, leading to wire shorting.",N,N,0,0
11501381,KIA,SPORTAGE,2017,20230111,UNKNOWN OR OTHER,"1/2/2023 â My car turned on with zero issues. When I went to pull out of my parking space, the car stalled and tuned off. Right before it turned off, the check engine light and oil light flickered. I waited 5 minutes and turned the car on. It turned on with none of the warning lights flickering or staying on. I pulled the car back into the parking space and the engine had a clicking noise. My husband popped the hood and checked the oil and it seemed low. We went in our other vehicle and purchased oil. We inserted 1QT of oil and turned the car on. It turned on with zero issues but the engine had a clicking noise. We called the Kia dealership   but it was too late to take the vehicle to them so decided we would do it the next day.  1/3/2023 â We called Roadside and the car was flat bedded to the Kia dealership. We spoke with the Advisor NICK and he asked for us to give him to Friday 1/6/2023 to look at the car and he would call us back. So we waited to Friday to 1/6/23 to speak to Nick.  1/6/2023 â Nick called us and told us the car might possibly need a new engine. Did not tell us how they came to the determination or what was wrong with the car and engine. He just said that the dealership needed to talk to Kia Corporate and Kia engineers for the next course of action and that he would call us back on Wednesday 1/10/2023. So, we wait again patiently til 1/10/2023. 1/10/2023 - Nick calls us and we demand to know what is wrong with the vehicle and that we need a loaner. We can not be without the car. He tells us that they do not have a loaner and that they are a small dealership. He told us the techs ran a BCD test on the car and that it failed it twice. That they were waiting to speak to Kia Corp and the engineers again for the next course of action. He said the car had low oil. How could that be we asked â it was only 2K miles in from the last oil change. No answers provided.",N,N,0,0
11469840,HYUNDAI,PALISADE,2022,20220617,LANE DEPARTURE: ASSIST,"The car pulls to the right and it is hard to steer left.  At speeds higher than 50mph the steering wheels vibrates when turning left to correct the veering.  The Lane Departure and Lane Keeping Assist to not operate correctly because the car veers to the right.  I have had the car serviced twice within one week of purchasing and there is no fix from the dealer nor Hyundai.   This issue was apparent within minutes of first driving the car, there are no warning lights.  The alignment is out of spec but cannot be corrected by the dealer.  The cause is reported as an issue with the steering angle sensor.  ",N,N,0,0
11454278,HYUNDAI,TUCSON HYBRID,2022,20220226,UNKNOWN OR OTHER,"My carâs infotainment constantly and consistently goes black and disconnects and reconnects when connected to Apple CarPlay. This may seem like an inconvenience at first, but it poses a real safety issue when using navigation in an area Iâm unfamiliar with. In this case it can cut out for ten seconds or more as Iâm about to make a turn, which can distract me or make me make a sudden move or turn to make my destination. It also cuts out phone calls, which can force me to use my phoneâs speakerphone and regular phone features which require I hold and/or look at the phone while driving. This is a known Hyundai/Apple issue that seems to be impacting thousands of people. I have an iPhone XR with the latest software (15).",N,N,0,0
11555522,HYUNDAI,TUCSON HYBRID,2022,20231116,FORWARD COLLISION AVOIDANCE: ADAPTIVE CRUISE CONTROL,Driving interstate right lane cruise control set at 73 mph. Car in front of me proceeded to leave lane to the left in order to pass 18 wheeler in front of it. Noticed my car felt different at that time and looked at dashboard to see cruise control now set to 110 mph and speed almost 90 mph. Documented with photo. Disabled cruise with breaking. Shared this on Tucson forums Reddit and Hyundai Forums with confirmation that this has and is happening. ,N,N,0,0
11515124,KIA,SOUL,2023,20230403,ELECTRICAL SYSTEM,"The instrument cluster is no longer displaying vital information. (Speedometer, tachometer, odometer, warning indicator lights, etc.) It still displays turn indicators and headlight indicators. The remedy is to replace the instrument cluster and have it recalibrated",N,N,0,0
11524962,HYUNDAI,GENESIS,2015,20230602,ELECTRICAL SYSTEM,"I took my car to South Shore Hyundai sometime in May 2023 to find it has internal transmission failure at 107,500 miles and a new transmission would cost $6,200 and change. This transmission issue has been gradually getting worse since around 87,000 miles when I did a computer reset to attempt to resolve it. The issue didnât show up on a computer and it wasnât an everyday issue at 87K but now itâs an everyday issue and concern while driving. I also believe I had the transmission examined at around 97K by allowing Advantage Hyundai Service in Hicksville NY to test drive the car for over a day and they found nothing. I was hoping to fix the transmission under the 100K mile powertrain warranty promised to me by my salesman but not executed on paper as I was an inexperienced buyer and was taken advantage of. About 1 year after I bought the car the drivers heated seat stopped working and would cost me about $2,500 to fix which I never paid for. Absolutely loved the car but it costed me so much in repairs over the years and the transmission failure has me so upset. I wish I could get it replaced as I still owe $ and can not afford a new car not even an old car for $5000 yet. ",N,N,0,0
11446965,HYUNDAI,SONATA,2011,20220110,ELECTRICAL SYSTEM,"Was driving fine for a few minutes, made a stop at a light then when I proceed to make my left turn, my steering wheel was completely hard to turn. A light EPS came on right away and I was able to move forward but made it completely hard to turn towards my destination. Drive my car home at 10 mph I could not steer my steering wheel ",N,N,0,0
11448375,KIA,RIO,2019,20220121,UNKNOWN OR OTHER,"No incident's with my vehicle,  just need my recall to be complete before i ship my vehicle from LA to Hawaii.",N,N,0,0
11484813,HYUNDAI,SANTA CRUZ,2022,20220916,VEHICLE SPEED CONTROL," Hyundia Santa Cruz was purchased Aug of 2021 and it has 5,655 miles on it.  After making a stop, sometimes the Santa Cruz does not want to accelerate when pressing down on the accelerator pedal.    While pushing more on the accelerator pedal to make the vehicle move, after a second or three elapses while still pressing on the accelerator will cause the vehicle to suddenly lurch forward at a rate of speed too fast and I have to immediately slam on the brakes to regain control of the forward motion of the vehicle to avoid hitting the vehicle in front of me.  I took the vehicle to a dealership today (9/16/22).   No codes or errors were found by computer check or by a technician driving the vehicle.   Dealer comment on the paperwork ""Unable to verify concern at this time"".  Next comment on paperwork, ""There is a software update that will remedy this concern"".  I refused the software update, as I have read numerous comments from online forums of customers having issues after dealership upgraded software.   If they are unable to verify the concern, how does the dealership know the software update will remedy the issue that they cannot verify the vehicle has.  Dealership paperwork also states, ""Shifting issue will continue if software is not updated"".    It is NOT a shifting issue; it is an uncontrollable/unreliable acceleration issue.  This vehicle will be put in storage on 10/18/22 and not taken out of storage until mid-May of 2023.   In May of 2023 I will investigate the software update in hopes that Hyundia will have a more stable software update.",N,N,0,0
11685550,HYUNDAI,PALISADE,2023,20250907,UNKNOWN OR OTHER,Leased vehicle in 2023 after a few months rear suspension was giving problems after a year of ignoring claims they saw the rear bushings were out. They changed it and after a few months again the problem came back more permanent. They admitted the part was faulty. Change the suspension and now it sounds like a space ship when breaking. Went in for 30k maintenance and now the ac vents sound like a plane. Two days later after a storm I see the roof is leaking and rear sunroof is also leaking. Since the near three year ownership it has been problem after problem not cause by me but by poor quality management at the dealer. ,N,N,0,0
11528536,HYUNDAI,IONIQ 5,2022,20230623,ELECTRICAL SYSTEM,"Was driving the vehicle in a local road and felt sudden drop in vehicle speed. Had to press hard the acceleration pedal to avoid any collision from behind. The vehicle could not gain enough speed in a ~45~60mile speed zone and driven ~2miles slowly to work place. The vehicle had to be towed to a local delearship as they suggested. The warning message was 'Stop vehicle and check Power supply' immediately after and changed to 'Check EV System' when started ~1hr later at the time of towing. The local dealership diagnosed it to be needing a new ICCU board, integrated charge control unit, which is in back order for ~2weeks (vehicle is still at dealership). In hindsight (after hearing recent news on ICCU failure of Ioniq5), the vehicle had a related issue in Feb 2023. At that time, the vehicle electrical system got blacked-out in my garage (it didn't respond to any button pressing with completely dark dashboard screen). It was towed to a local dealership since jump jump start could not fix it. They replaced a 12V battery for which local dealership could not give me convencing reason for the dead 12V battery . ",N,N,0,0
11709080,HYUNDAI,SANTA FE HYBRID,2025,20260106,VEHICLE SPEED CONTROL,Sitting at stoplight and attempted to go. Car wouldnât go above 10mph even with pedal all the way down. Drove for a bit trying to figure out what was wrong. Then flashing red lights and beeping telling me to pull over safely. Pulled over and turned the car off. Restarted and car said charge battery. Apparently this is called âlimp modeâ and happens when there is something seriously wrong with the car in order to prevent further damage. Very dangerous to not be able to go about 10mph on the highway. Took to dealership. Vehicle isnât throwing any codes and blue link shows nothing of the incident. Dealership supposedly checked battery and connections. Nothing done,N,N,0,0
11568712,HYUNDAI,PALISADE,2024,20240130,FORWARD COLLISION AVOIDANCE: AUTOMATIC EMERGENCY BRAKING,"I was driving in a shopping center parking lot and approaching a stop sign. As I was breaking and approaching the sign, I had to drive over a series of small potholes. As I went over the potholes, it seems the cars ABS system was engaged, and the car began to shake very dramatically, creating a more dangerous situation than needed to be. It seems others have had this problem as well, as I found online forums describing similar experiences driving over small rocks and bumps. It makes it harder to stop the vehicle before getting in the middle of oncoming traffic. There were no warning lamps or beeps to tell me ABS was engaged--it just started happening and only stopped when I pumped the breaks. I  have not brought this up to the dealer yet and this issue has not been inspected yet, but I will be following up with the dealer as this is a brand new car.   This is a link to a forum where others have experiences similar issues: [XXX]  INFORMATION REDACTED PURSUANT TO THE FREEDOM OF INFORMATION ACT (FOIA), 5 U.S.C. 552(B)(6)",N,N,0,0
11669841,KIA,EV9,2024,20250627,VEHICLE SPEED CONTROL,"I was driving around 60-65 mph on the highway when suddenly a warning alarm went off and the warning light read âstop vehicle and check brake systemâ.    I took my foot off the accelerator and car continued to maintain speed.  The  power brakes did not work.   I put the car into neutral hoping that would slow it down, but it continued to maintain speed.     I went into the right lane and put on my hazards.  When I had the opportunity to pull into the breakdown lane, I did so and was able to push the brake pedal manually and get the car to stop, and turn it off.      When I turned the car back on again, I got the same warnings and alarms.  After 5-10 minutes, when I turned the car on, everything seemed to have cleared.    I still had the car towed to KIA to investigate the issue.  ",N,N,0,0
11670647,KIA,SORENTO,2016,20250701,ELECTRICAL SYSTEM,Vehicle stuck in park. Able to use emergency procedure to drive. Repair of fault would have cost 1600.00 if not covered by my extended warranty. There is a similar recall for not requiring brake to be applied before the shifter can  select a gear. This is caused by the BCM body control module. I believe that most of these units are failure prone and they control a number of functions that are related to safety. ,N,N,0,0
11723787,KIA,TELLURIDE,2020,20260312,UNKNOWN OR OTHER,Vehicle began shifting really hard and the rpm meter started going way up and down really fast. The check engine light also came on. It caused difficulties with control of the vehicle. Vehicle was parked and taken to a mechanic so said the issue was the torque converter and that it needs a new transmission.  ,N,N,0,0
11606839,HYUNDAI,TUCSON,2024,20240806,VEHICLE SPEED CONTROL,"The contact owns a 2024 Hyundai Tucson. The contact stated that while driving at an undisclosed speed, the vehicle was hesitating during acceleration. While accelerating, the vehicle failed to exceed 3,000 RPM. Thee contact stated that while driving 45 MPH, the vehicle decelerated to 25 MPH independently while depressing the accelerator pedal. The automatic start button remained illuminated. There were no warning lights illuminated. The local dealer was not contacted. The vehicle was not diagnosed or repaired. The manufacturer was not contacted. The failure mileage was approximately 8,800.",N,N,0,0
11545812,HYUNDAI,PALISADE,2023,20230921,ELECTRICAL SYSTEM,cant get a serviced till 2024 so i guess ill burn and die,N,N,0,0
11575287,HYUNDAI,KONA,2018,20240304,UNKNOWN OR OTHER,"My vehicle suffered a tire blowout on [XXX]. It was determined to be caused by ripped beading on the inner and outer part of the tire. It  was also said that the damage to the tire occurred at time of initial install by improper mounting and balancing of the wheels and tired. The tires were 235/55/r17 Kelly A/S Edge M+S tubeless radial Tires manufactured in Mexico. The tires were placed on vehicle by the dealer.    My safety was put at risk because 1) the tires were not manufacture recommended OEM tires. 2) No warning indicator Illuminated on the dash to indicate the tire was losing pressure.   The vehicle then a month 1/2 later caught fire. Prior to the fire several warning malfunction indicators Illuminated. In addition to what was apparent electrical haywire,  causing alarm sounds ( beeping), flashing lights, and warning indicators illuminating throughout the dash.   The vehicle is said to be a 2018 hyundai kona petrol. Although at time of purchase and fire was equipped with a lithium ion 20h battery.   I was told an inspection was done in August of 2021 by Hyundai Motor of America after fire and being towed to the local hyundai dealer, however to date 3/2024 am still denied the report and gave never been allowed to have it.     The fire said to have been caused by audio installation faulty wiring to a subwoofer secured in the back of the vehicle which coincidentally was also stolen due to the repair dealer facing to secure the vehicle during  repairs.   The repair facility provided a work order that only listed 2 parts replaced which were two main wiring harnesses.  In addition to the wire harnesses that the repair dealer is said to have replaced, there were other documented changes and replaced parts not mentioned, listed or detailed on any repair order. The original lithium ion battery had been replaced. Two- 50v main relay fuses in the relay box located in the engine compartment had been replaced. Prior to fire read HMML, after repairs read PBD01. PRT.1OF3  INFORMATION REDACTED PURSUANT TO THE FREEDOM OF I",Y,Y,2,0
11483567,HYUNDAI,ELANTRA,2013,20220908,LANE DEPARTURE: BLIND SPOT DETECTION,Good ,N,N,0,0
11486734,HYUNDAI,SONATA,2018,20220927,VEHICLE SPEED CONTROL,"Engine takes a long time to start up, about 10-15 seconds of pushing the start button starts engine which is probably not good for the car. Also, the car jolts/ wants to stop while driving. Has been an ongoing issue since the week of 9/5/22. Loss of motor power issue sounds like what is going on with my 2018 Hyundai Sonata vehicle. ",N,N,0,0
11492228,KIA,SORENTO HYBRID,2022,20221104,UNKNOWN OR OTHER,"I was driving down the highway at 8:00 AM. The weather conditions were foggy. The air temperature was 43 degrees and I had the heat on in the vehicle. I experienced a sudden loud BANG, followed by a shower of shattered glass. The front panel of my panoramic sunroof exploded, sending glass into the vehicle.  There were no other cars around, I did not hit a bump in the road, I did not see any evidence of debris hitting or falling onto the vehicle, and I was not driving under any bridges or trees where something could have dislodged and fallen onto it. It was just a weird spontaneous explosion without reason. When I inspected the glass, it was clear that the stress around the edges where glass was still present was directed from inside the vehicle to outside, (or down to up), as the glass was bowed upward, perhaps indicating unusual torque around the edge of the glass panel. The entire panel was compromised except for about 6"" of glass extending inward around the perimeter of the panel housing. I was hit by some falling glass, but was uninjured.  Glass also showered down into the middle row seats, where my children would have been sitting if they had they been along with me.",N,N,0,0
11531219,HYUNDAI,SONATA HYBRID,2017,20230709,ELECTRICAL SYSTEM,"Multiple Error codes popped up on Multiple occasions. Lost power and last code was ""Check Hybrid System Shut off Engine"" HEV System Error. Battery, Engine, Collison, and Maintenance Error Lights showing on Dashboard.  06/ 22 - Dealership inspected and worked on Safety Recalls only. Nothing else was found. 10/22 - Fix Finder report showed Error code P0455. Vehicles reset itself somehow over the weekend. No issues on Monday morning. 11/22 - Lost all power. Towed to Dealership. They reset codes P0455 and P0456. Test passed w/ no further issues. 07/09/2023 - Driving 65mph and loss power. Multiple Error codes. Slowed to 20mph and made into driveway. HEV Shut off Engine came on as I stopped.",N,N,0,0
11449465,HYUNDAI,KONA,2022,20220130,FORWARD COLLISION AVOIDANCE: ADAPTIVE CRUISE CONTROL,"The cruise control does not engage. When setting the adaptive cruise control I have had the car slow down 15-20 mph before turning the cruise control off because traffic is backing up behind me and I become a hazard on the road. I have taken it to 2 different dealerships, the one I purchased the car from and one that is closer to my home as I moved and now live in a different state from where I purchased the car. Both dealerships claimed they were not able to replicate the issue. However, every time I drive the car and try to use cruise control I have the same issue of the cruise control not engaging. The car dashboard's speed indicator is supposed to turn green and make a ""ding"" sound when you engage the cruise control at the posted speed limit. My car does not do this. The speed limit on the freeway here is 80mph and it will turn green and ""ding"" at 81mph but still not actually engage and maintain the speed. I have had numerous incidents where cars behind me honk and have to go around because I was slowing down so much. I spoke with another 2022 Kona owner and they stated that they have had the same problem and they were told the same thing by a different dealership that they bought their vehicle from. ",N,N,0,0
11633215,KIA,FORTE,2015,20241230,FORWARD COLLISION AVOIDANCE: AUTOMATIC EMERGENCY BRAKING,My car stopped while I was driving and I had a catastrophic engine failure. I had to use my engine warranty and also out of pocket pay. I want to issue a warning to the dealer who sold me this vehicle. And I want a reimbursement because I recently purchased the vehicle/  ,N,N,1,0
11496665,KIA,OPTIMA,2016,20221208,ELECTRICAL SYSTEM,"On Sept. 21, 2021, my Kia Optima Hybrid ex shut down and would not start. I took it to King of Hybrid EV Auto Repair where they ran a diagnostic test and found that there was an issue with the Hybrid System affecting the transmission and the High-voltage system. I paid $3,000.00 out-of-pocket. On October 26, 2022, while driving 75mph on Hwy 15 to Las Vegas, my car randomly shut down. The dash warning lights read ""STOP VEHICLE TO CHARGE BATTERY"". I was in an unsafe position with cars speeding past me. I was afraid that I would be rear-ended by another car. I had to have my car towed. I believe that these cars have issues with faulty high voltage systems and transmissions. Please investigate. Thank you. ",N,N,0,0
11599594,HYUNDAI,SONATA,2017,20240706,ELECTRICAL SYSTEM,The engine light keeps going on and off and I reported to their dealer a couple times during the warranty but when they checked the car the light got off and they asked me to keep driving it until out of warranty and they ask me to pay for fix the same problem,N,N,0,0
11528957,HYUNDAI,SANTA CRUZ,2023,20230626,UNKNOWN OR OTHER,"My issue was that I would press the gas pedal, but once I got to 20 mph the engine would stop giving power and I couldnât get up to speed. My top speed was 30 mph, even though I would give it gas to speed up. This was the worst after I would come to a stop at a traffic light. As I pressed the gas to gain speed, it would struggle to gain speed in the middle of the intersection, causing the cars behind me to be frustrated and aggressively tailgate. I was able to find a parking lot, parked and turned the car off for approximately 20 minutes. After that I turned the car back on, I went for a test drive and there was no problem at all.  When this all happened no warning lights came on. Very concerned that this will happen again, as I have no clue what triggered this incident.  I have reported this to my dealer, but as this just happened today nothing has been inspected.",N,N,0,0
11613909,HYUNDAI,SANTA FE,2019,20240911,UNKNOWN OR OTHER,"My car just stalls at a stop ligth , no check engine light, no warning, and takes several attempts to start. It happened 3 times in two weeks one of those time while in the highway. One a the stop ligth and one driving in the neighborhood.",N,N,0,0
