Manufacturer,NHTSACampaignNumber,parkIt,parkOutSide,overTheAirUpdate,NHTSAActionNumber,ReportReceivedDate,Component,Summary,Consequence,Remedy,Notes,ModelYear,Make,Model,_query_make,_query_model,_query_year,report_date_iso
Kia Motors America,19V594000,False,False,False,,13/08/2019,SEAT BELTS:REAR/OTHER,"Kia Motors America (Kia) is recalling certain 2020 Telluride vehicles.  The seat belt assemblies in the front passenger, second, and/or third row seats may not tightly secure a child restraint system in the event of a crash.  As such, these vehicles fail to comply with the requirements of Federal Motor Vehicle Safety Standard (FMVSS) number 208, ""Occupant Crash Protection.""","If a child seat is not properly secured, there is an increased risk of injury to the occupant in a crash.","Kia will notify owners, and dealers will inspect the vehicles and replace any incorrect seat belt assemblies.  The repair will also include replacing the driver's seat belt which has a non-U.S. specified label, with a U.S. specification seat belt.  The repairs will be performed free of charge.  The recall began August 30, 2019.  Owners may contact Kia customer service at 1-800-333-4542.  Kia's number for this recall is SC181.","Owners may also contact the National Highway Traffic Safety Administration Vehicle Safety Hotline at 1-888-327-4236 (TTY 1-800-424-9153), or go to www.safercar.gov.",2020,KIA,TELLURIDE,KIA,TELLURIDE,2020,2019-08-13
Hyundai Motor America,19V802000,False,False,False,,07/11/2019,AIR BAGS:SIDE/WINDOW,Hyundai Motor America (Hyundai) is recalling certain 2020 Palisade vehicles.  The mounting bolts used to secure the side curtain air bags may damage the side curtain air bags during deployment.,"Damaged side curtain air bags may not inflate properly in the event of a crash, increasing the risk of injury.","Hyundai will notify owners, and dealers will install a protective cover on the mounting bolts, free of charge.  The recall began December 20, 2019.  Owners may contact Hyundai customer service at 1-855-371-9460.  Hyundai's number for this recall is 186.","Owners may also contact the National Highway Traffic Safety Administration Vehicle Safety Hotline at 1-888-327-4236 (TTY 1-800-424-9153), or go to www.safercar.gov.",2020,HYUNDAI,PALISADE,HYUNDAI,PALISADE,2020,2019-11-07
Hyundai Motor America,20V213000,False,False,False,,09/04/2020,ELECTRICAL SYSTEM:SOFTWARE,Hyundai Motor America (Hyundai) is recalling certain 2020 Nexo and Sonata vehicles.  The Remote Smart Parking Assist (RSPA) software may fail to prevent vehicle movement upon detection of an RSPA system malfunction.,Unintended vehicle movement increases the risk of a crash.,"Hyundai will notify owners, and dealers will reprogram the RSPA software, free of charge.  The recall began June 3, 2020.  Owners may contact Hyundai customer service at 1-855-371-9460.  Hyundai's number for this recall is 191.","Owners may also contact the National Highway Traffic Safety Administration Vehicle Safety Hotline at 1-888-327-4236 (TTY 1-800-424-9153), or go to www.safercar.gov.",2020,HYUNDAI,SONATA,HYUNDAI,SONATA,2020,2020-04-09
Kia Motors America,20V436000,False,False,False,,28/07/2020,ELECTRICAL SYSTEM:WIRING,"Kia Motors America (Kia) is recalling certain 2020 Telluride vehicles equipped with Smart Cruise Control (SCC).  When a trailer is connected to the vehicle, the trailer brake lights will not illuminate when the SCC applies the brakes.  As such, these vehicles fail to comply with the requirements of Federal Motor Vehicle Safety Standard (FMVSS) number 108, ""Lamps, Reflective Devices, and Associated Equipment.""","Inoperative trailer brake lights can fail to warn other drivers that the vehicle is slowing, increasing the risk of a crash.","Kia will notify owners, and dealers will install an additional wire harness to the main fuse box to signal the trailer brake lights, free of charge.  The recall began September 10, 2020.  Owners may contact Kia customer service at 1-800-333-4542.  Kia's number for this recall is SC194.","Owners may also contact the National Highway Traffic Safety Administration Vehicle Safety Hotline at 1-888-327-4236 (TTY 1-800-424-9153), or go to www.safercar.gov.",2020,KIA,TELLURIDE,KIA,TELLURIDE,2020,2020-07-28
Kia Motors America,20V518000,False,True,False,PE19004,27/08/2020,"SERVICE BRAKES, HYDRAULIC:ANTILOCK/TRACTION CONTROL/ELECTRONIC LIMITED SLIP:CONTROL UNIT/MODULE","Kia Motors America (Kia) recalled certain 2019 Stinger vehicles equipped with 3.3L T-GDI engines on August 27, 2020.  On December 30, 2020, Kia expanded the recall population and added certain 2018-2021 Stinger vehicles.  While driving, an engine compartment fire may occur in the area where the Anti-lock Brake Hydraulic Electronic Control Unit (HECU) is located.",An engine compartment fire can increase the risk of injury or crash.,"Kia will notify owners, and dealers will install a new fuse kit in the electrical junction box, free of charge.  Owners are advised to park outside and away from structures as a precaution until the recall repair is complete.  The recall began November 30, 2020.  Owners may contact Kia customer service at 1-800-333-4542.  Kia's number for this recall is SC196.","Owners may also contact the National Highway Traffic Safety Administration Vehicle Safety Hotline at 1-888-327-4236 (TTY 1-800-424-9153), or go to www.safercar.gov.",2021,KIA,STINGER,KIA,STINGER,2021,2020-08-27
Hyundai Motor America,20V543000,False,True,False,PE19003,04/09/2020,"SERVICE BRAKES, HYDRAULIC:ANTILOCK/TRACTION CONTROL/ELECTRONIC LIMITED SLIP:CONTROL UNIT/MODULE","Hyundai Motor America (Hyundai) recalled certain 2019-2021 Tucson vehicles on September 4, 2020.  On December 30, 2020, Hyundai expanded the recall population, and added certain 2016-2018 Tucson vehicles.  The Anti-lock Brake Hydraulic Electronic Control Unit (HECU) could corrode internally and cause an electrical short, possibly resulting in an engine compartment fire.",An engine compartment fire can increase the risk of injury or crash.,"Hyundai will notify owners, and dealers will replace the HECU fuse.  For 2019-2021 model years, the Electronic Stability Control (ESC) software will also be updated.  Recall repairs will be performed free of charge.  Owners are advised to park outside and away from structures as a precaution until the recall repair is complete.  The recall began November 2, 2020.  Owners may contact Hyundai customer service at 1-855-371-9460.  Hyundai's number for this recall is 195.","Owners may also contact the National Highway Traffic Safety Administration Vehicle Safety Hotline at 1-888-327-4236 (TTY 1-800-424-9153), or go to www.safercar.gov.",2020,HYUNDAI,TUCSON,HYUNDAI,TUCSON,2020,2020-09-04
Hyundai Motor America,20V630000,False,True,False,,13/10/2020,ELECTRICAL SYSTEM:PROPULSION SYSTEM:TRACTION BATTERY:MANAGEMENT SYSTEM/ENERGY CONTROL MODULE (BMS/BECM):SOFTWARE,Hyundai Motor America (Hyundai) is recalling certain 2019-2020 Kona Electric vehicles.  The lithium-ion (Li-ion) battery may short-circuit.,An electrical short in the Li-ion battery increases the risk of a fire.,"Hyundai will notify owners, and dealers will update the Battery Management System (BMS) software and inspect the Li-ion battery, replacing it if necessary, free of charge.  Owners are advised to park their vehicles outside and away from structures until the repair is complete.  The recall began November 13, 2020.  Owners may contact Hyundai customer service at 1-855-371-9460.  Hyundai's number for this recall is 196.","Owners may also contact the National Highway Traffic Safety Administration Vehicle Safety Hotline at 1-888-327-4236 (TTY 1-800-424-9153), or go to www.safercar.gov.",2020,HYUNDAI,KONA ELECTRIC,HYUNDAI,KONA ELECTRIC,2020,2020-10-13
Hyundai Motor America,20V748000,False,False,False,,01/12/2020,"SERVICE BRAKES, HYDRAULIC:POWER ASSIST:ELECTRIC:CONTROL MODULE:SOFTWARE","Hyundai Motor America (Hyundai) is recalling certain 2019-2020 Nexo Fuel Cell and 2019-2021 Kona Electric vehicles.  The Integrated Electronic Brake (IEB) system may detect an abnormal sensor signal and as a result, may significantly reduce braking performance.","Reduced braking power could lengthen the distance required to stop the vehicle, increasing the risk of a crash.","Hyundai will notify owners, and dealers will update the IEB software, free of charge.  The recall began January 25, 2021.  Owners may contact Hyundai customer service at 1-855-371-9460.  Hyundai's number for this recall is 199.","Owners may also contact the National Highway Traffic Safety Administration Vehicle Safety Hotline at 1-888-327-4236 (TTY 1-800-424-9153), or go to www.safercar.gov.",2020,HYUNDAI,NEXO,HYUNDAI,NEXO,2020,2020-12-01
Hyundai Motor America,21V127000,False,True,False,,01/03/2021,ELECTRICAL SYSTEM:PROPULSION SYSTEM:TRACTION BATTERY,Hyundai Motor America (Hyundai) is recalling certain 2019-2020 Kona Electric and 2020 Ioniq Electric vehicles.  The lithium-ion (Li-ion) battery may short-circuit.,An electrical short in the Li-ion battery increases the risk of a fire.,"Owners are advised to park their vehicles outside and away from structures until the interim action is complete.  Hyundai will notify owners, and as an interim action, owners have the option to follow provided instructions to perform a battery update through the vehicle's infotainment system or request a Hyundai dealer to provide the update.  Once parts are available, dealers will inspect the Battery System Assembly (BSA), and replace it if necessary.  Repairs will be performed free of charge.  Owners were notified of the safety risk, and the interim action, with a letter mailed April 9, 2021.  Final owner notification letters were mailed June 17, 2021.  Owners may contact Hyundai customer service at 1-855-371-9460.  Hyundai's number for this recall is 200.","Owners may also contact the National Highway Traffic Safety Administration Vehicle Safety Hotline at 1-888-327-4236 (TTY 1-800-424-9153), or go to www.safercar.gov.",2020,HYUNDAI,KONA ELECTRIC,HYUNDAI,KONA ELECTRIC,2020,2021-03-01
Kia Motors America,21V137000,False,True,False,,04/03/2021,"SERVICE BRAKES, HYDRAULIC:ANTILOCK/TRACTION CONTROL/ELECTRONIC LIMITED SLIP:CONTROL UNIT/MODULE","Kia Motors America (Kia) is recalling certain 2017-2021 Sportage and Cadenza vehicles.  The electrical circuit in the Hydraulic Electronic Control Unit (HECU) may short-circuit, which can cause a fire in the engine compartment.",An engine compartment fire can increase the risk of injury.,"Owners are advised to park outside and away from structures as a precaution until the recall repair is complete.  Kia will notify owners, and dealers will replace certain fuses in the electrical junction box.  Vehicles equipped with an electronic parking brake (EPB) will also receive a HECU software update.  Repairs will be performed free of charge.  The recall began on April 30, 2021.  Owners may contact Kia customer service at 1-800-333-4542.  Kia's number for this recall is SC206.","Owners may also contact the National Highway Traffic Safety Administration Vehicle Safety Hotline at 1-888-327-4236 (TTY 1-800-424-9153), or go to www.safercar.gov.",2021,KIA,SPORTAGE,KIA,SPORTAGE,2021,2021-03-04
Kia Motors America,21V164000,False,False,False,,11/03/2021,AIR BAGS: AIR BAG/RESTRAINT CONTROL MODULE,"Kia Motors America (Kia) is recalling certain 2021 Telluride, K5, and Forte vehicles. The Occupant Classification and Detection System (OCS/ODS) unit may not detect the presence of a child restraint system in the front passenger seat.  As such, these vehicles fail to comply with the requirements of Federal Motor Vehicle Safety Standard (FMVSS) number 208, ""Occupant Crash Protection.""","In the event of a crash, deployment of the front passenger air bag, with a child in that seat, can increase the risk of injury to the child.","Kia will notify owners, and dealers will replace the OCS/ODS unit, free of charge.  The recall began March 18, 2021.  Owners may contact Kia customer service at 1-800-333-4542.  Kia's number for this recall is SC207.","Owners may also contact the National Highway Traffic Safety Administration Vehicle Safety Hotline at 1-888-327-4236 (TTY 1-800-424-9153), or go to www.safercar.gov.",2021,KIA,K5,KIA,K5,2021,2021-03-11
Hyundai Motor America,21V185000,False,False,False,,17/03/2021,AIR BAGS: AIR BAG/RESTRAINT CONTROL MODULE,"Hyundai Motor America (Hyundai) is recalling certain 2021 Santa Fe vehicles.  The Occupant Detection System (ODS) module may not deactivate the air bag upon detection of a child restraint system in the front passenger seat.  As such, these vehicles fail to comply with the requirements of Federal Motor Vehicle Safety Standard (FMVSS) number 208, ""Occupant Crash Protection.""","In the event of a crash, deployment of the front passenger air bag, with a child in that seat, can increase the risk of injury to the child.","Hyundai will notify owners, and dealers will replace the ODS module, free of charge.  All affected vehicles have been remedied as of May 12, 2021.  Owners may contact Hyundai customer service at 1-855-371-9460.  Hyundai's number for this recall is 202.","Owners may also contact the National Highway Traffic Safety Administration Vehicle Safety Hotline at 1-888-327-4236 (TTY 1-800-424-9153), or go to www.safercar.gov.",2021,HYUNDAI,SANTA FE,HYUNDAI,SANTA FE,2021,2021-03-17
Kia Motors America,21V577000,False,False,False,,28/07/2021,ELECTRICAL SYSTEM: INSTRUMENT CLUSTER/PANEL,"Kia Motors America (Kia) is recalling certain 2022 Telluride vehicles.  The LCD display screen may remain blank after startup.  As such, these vehicles fail to comply with the requirements of Federal Motor Vehicle Safety Standard number 101, ""Control and Displays.""","A blank LCD display may be missing information, such as the digital speedometer, gear selection indicator, and odometer, which may increase the risk of a crash.","Dealers will update the instrument cluster's software, free of charge.  Owner notification letters were mailed August 3, 2021.  Owners may contact Kia customer service at 1-800-333-4542.  Kia's number for this recall is SC215.","Owners may also contact the National Highway Traffic Safety Administration Vehicle Safety Hotline at 1-888-327-4236 (TTY 1-800-424-9153), or go to www.nhtsa.gov.",2022,KIA,TELLURIDE,KIA,TELLURIDE,2022,2021-07-28
Kia Motors America,21V862000,False,False,False,,05/11/2021,ELECTRICAL SYSTEM:INSTRUMENT PANEL:FUEL GAUGE,Kia Motors America (Kia) is recalling certain 2020-2021 Stinger vehicles.  A software error in the instrument cluster may cause an inaccurate fuel gauge reading.,"An inaccurate fuel gauge may result in the vehicle unexpectedly running out of fuel and stalling, increasing the risk of a crash.","Dealers will update the software, free of charge.  Owner notification letters were mailed December 10, 2021.  Owners may contact Kia customer service at 1-800-333-4542.  Kia's number for this recall is SC219.","Owners may also contact the National Highway Traffic Safety Administration Vehicle Safety Hotline at 1-888-327-4236 (TTY 1-800-424-9153), or go to www.nhtsa.gov.",2020,KIA,STINGER,KIA,STINGER,2020,2021-11-05
Kia Motors America,21V908000,False,False,False,,19/11/2021,LATCHES/LOCKS/LINKAGES:ELECTRONIC LOCK/LATCH ACTUATOR,"Kia Motors America (Kia) is recalling certain 2022 Carnival vehicles.  The remote controller assembly for the passenger-side power sliding door may malfunction, preventing the passenger-side sliding door from securely latching.","A power sliding door that fails to latch may open while moving, increasing the risk of injury.","Dealers will replace the passenger-side power sliding door release actuator's drum and holder inside the remote controller assembly, free of charge.  Owner notification letters were mailed December 16, 2021.  Owners may contact Kia customer service at 1-800-333-4542.  Kia's number for this recall is SC221.","Owners may also contact the National Highway Traffic Safety Administration Vehicle Safety Hotline at 1-888-327-4236 (TTY 1-800-424-9153), or go to www.nhtsa.gov.",2022,KIA,CARNIVAL,KIA,CARNIVAL,2022,2021-11-19
Hyundai Motor America,21V938000,False,False,False,,02/12/2021,ELECTRICAL SYSTEM:SOFTWARE,"Hyundai Motor America (Hyundai) is recalling certain 2022 Tucson vehicles.  The software installed in the Integrated Central Control Unit (ICU) may be incompatible with the vehicle, which could result in inoperative headlights and/or taillights.","Inoperative headlights or taillights can decrease visibility for both the driver and surrounding traffic, increasing the risk of a crash.","Dealers updated the ICU software, free of charge.  All affected vehicles have been repaired and therefore no owner notification letters will be mailed.  Owners may contact Hyundai customer service at 1-855-371-9460.  Hyundai's number for this recall is 214.","Owners may also contact the National Highway Traffic Safety Administration Vehicle Safety Hotline at 1-888-327-4236 (TTY 1-800-424-9153), or go to www.nhtsa.gov.",2022,HYUNDAI,TUCSON,HYUNDAI,TUCSON,2022,2021-12-02
Hyundai Motor America,22V197000,False,False,False,,28/03/2022,ENGINE AND ENGINE COOLING:ENGINE:GASOLINE:TURBO/SUPERCHARGER,"Hyundai Motor America (Hyundai) is recalling certain 2022 Santa Fe and Santa Cruz vehicles.  The oil supply pipe to the turbocharger may crack, which could result in an oil leak in the engine compartment.","An oil leak in the presence of an ignition source such as hot engine or exhaust components, can increase the risk of a fire.","Dealers will replace the turbocharger oil supply pipe, free of charge.  Owner notification letters were mailed May 26, 2022.  Owners may contact Hyundai customer service at 1-855-371-9460.  Hyundai's number for this recall 222.","Owners may also contact the National Highway Traffic Safety Administration Vehicle Safety Hotline at 1-888-327-4236 (TTY 1-800-424-9153), or go to www.nhtsa.gov.",2022,HYUNDAI,SANTA CRUZ,HYUNDAI,SANTA CRUZ,2022,2022-03-28
Kia Motors America,22V202000,False,False,False,,29/03/2022,ENGINE AND ENGINE COOLING:ENGINE:GASOLINE:TURBO/SUPERCHARGER,"Kia Motor America (Kia) is recalling certain 2022 Sorento vehicles.  The oil supply pipe to the turbocharger may crack, which could result in an oil leak in the engine compartment.","An oil leak in the presence of an ignition source such as hot engine or exhaust components, can increase the risk of a fire.","Dealers will replace the turbocharger oil supply pipe, free of charge.  Owner notification letters were mailed April 22, 2022.  Owners may contact Kia customer service at 1-800-333-4542.  Kia's number for this recall is SC233.","Owners may also contact the National Highway Traffic Safety Administration Vehicle Safety Hotline at 1-888-327-4236 (TTY 1-800-424-9153), or go to www.nhtsa.gov.",2022,KIA,SORENTO,KIA,SORENTO,2022,2022-03-29
Kia Motors America,22V304000,False,False,False,,05/05/2022,STEERING:COLUMN,"Kia Motors America (Kia) is recalling certain 2021-2022 Rio and Forte vehicles.  A bolt in the steering column may not be secured properly, which can cause the steering column to detach from the steering rack and result in a loss of steering control.",Loss of steering control can increase the risk of a crash.,"Dealers will tighten the lower steering column u-joint retention bolt, free of charge.  Owner notification letters were mailed May 27, 2022.  Owners may contact Kia customer service at 1-800-333-4542.  Kia's number for this recall SC235.","Owners may also contact the National Highway Traffic Safety Administration Vehicle Safety Hotline at 1-888-327-4236 (TTY 1-800-424-9153), or go to www.nhtsa.gov.",2022,KIA,RIO,KIA,RIO,2022,2022-05-05
Hyundai Motor America,22V311000,False,False,False,,06/05/2022,STEERING:COLUMN,"Hyundai Motor America (Hyundai) is recalling certain 2021-2022 Accent vehicles.  A bolt in the steering column may not be secured properly, which can cause the steering column to detach from the steering rack and result in a loss of steering control.",Loss of steering control can increase the risk of a crash.,"Dealers will inspect and tighten the lower steering column u-joint retention bolt, as necessary, free of charge.  Owner notification letters were mailed July 5, 2022.  Owners may contact Hyundai customer service at 1-855-371-9460.  Hyundai's number for this recall is 226.","Owners may also contact the National Highway Traffic Safety Administration Vehicle Safety Hotline at 1-888-327-4236 (TTY 1-800-424-9153), or go to www.nhtsa.gov.",2022,HYUNDAI,ACCENT,HYUNDAI,ACCENT,2022,2022-05-06
Kia Motors America,22V322000,False,False,False,,11/05/2022,PARKING BRAKE:ELECTRICAL:CONTROL MODULE:SOFTWARE,"Kia Motor America (Kia) is recalling certain 2022 EV6 vehicles.  A software error in the Shifter Control Unit (SCU) may disengage the parking mechanism, which can allow the vehicle to rollaway.",Vehicle rollaway can increase the risk of a crash or injury.,"Drivers are recommended to park their vehicles on level ground and avoid parking on a slope/inclined surface whenever possible until the remedy has been performed.  Dealers will update the Shifter Control Unit software, free of charge.  Owner notification letters were mailed May 25, 2022.  Owners may contact Kia customer service at 1-800-333-4542.  Kia's number for this recall is SC236.","Owners may also contact the National Highway Traffic Safety Administration Vehicle Safety Hotline at 1-888-327-4236 (TTY 1-800-424-9153), or go to www.nhtsa.gov.",2022,KIA,EV6,KIA,EV6,2022,2022-05-11
Hyundai Motor America,22V324000,False,False,False,,11/05/2022,PARKING BRAKE:ELECTRICAL:CONTROL MODULE:SOFTWARE,"Hyundai Motor America (Hyundai) is recalling certain 2022 Ioniq 5 vehicles.  A software error in the Shifter Control Unit (SCU) may disengage the parking mechanism, which can allow the vehicle to rollaway.",Vehicle rollaway can increase the risk of a crash or injury.,"Drivers are recommended to use the Electronic Parking Brake (EPB) when parking their vehicles until the remedy has been performed.  Dealers will update the Shifter Control Unit software, free of charge.  Owner notification letters were mailed July 14, 2022.  Owners may contact Hyundai customer service at 1-855-371-9460.  Hyundai's number for this recall is 228.","Owners may also contact the National Highway Traffic Safety Administration Vehicle Safety Hotline at 1-888-327-4236 (TTY 1-800-424-9153), or go to www.nhtsa.gov.",2022,HYUNDAI,IONIQ 5,HYUNDAI,IONIQ 5,2022,2022-05-11
Kia Motors America,22V344000,False,False,False,,17/05/2022,ELECTRICAL SYSTEM: INSTRUMENT CLUSTER/PANEL,"Kia Motors America (Kia) is recalling certain 2022 Telluride vehicles.  Excess adhesive in a circuit board within the instrument cluster may cause the instrument cluster display screen to be blank.  As such, these vehicles fail to comply with the requirements of Federal Motor Vehicle Safety Standard number 101, ""Control and Displays.""","A blank instrument cluster display screen will not show critical information, such as the odometer, which can increase the risk of a crash.","Dealers will replace the instrument cluster assembly, free of charge.  Owner notification letters were mailed July 15, 2022.  Owners may contact Kia customer service at 1-800-333-4542.  Kia's number for this recall is SC237.","Owners may also contact the National Highway Traffic Safety Administration Vehicle Safety Hotline at 1-888-327-4236 (TTY 1-800-424-9153), or go to www.nhtsa.gov.",2022,KIA,TELLURIDE,KIA,TELLURIDE,2022,2022-05-17
Hyundai Motor America,22V353000,False,False,False,,18/05/2022,ELECTRICAL SYSTEM: INSTRUMENT CLUSTER/PANEL,"Hyundai Motor America (Hyundai) is recalling certain 2022 Palisade vehicles.  The instrument cluster assembly may have been manufactured with excessive adhesive, which can disable the instrument cluster display screen.","A disabled display screen will not show critical information, such as the meters, gauges, and warning lights, which can increase the risk of a crash.","Dealers will replace the instrument cluster assembly, free of charge.  Owner notification letters were mailed July 15, 2022.  Owners may contact Hyundai customer service at 1-855-371-9460.  Hyundai's number for this recall is 230.","Owners may also contact the National Highway Traffic Safety Administration Vehicle Safety Hotline at 1-888-327-4236 (TTY 1-800-424-9153), or go to www.nhtsa.gov.",2022,HYUNDAI,PALISADE,HYUNDAI,PALISADE,2022,2022-05-18
"Kia America, Inc.",22V626000,False,True,False,,15/08/2022,TRAILER HITCHES,"Kia America, Inc. (Kia) is recalling certain 2020-2022 Telluride vehicles potentially equipped with a Genuine Kia 4-pin tow hitch harness installed as original equipment, or purchased as an accessory through a Kia dealership.  Debris and moisture accumulation on the tow hitch harness module printed circuit board (PCB) may cause an electrical short, which can result in a fire.",A fire while parked or driving can increase the risk of injury.,"Owners are advised to park outside and away from structures until the recall repair is complete.  Dealers will install a new fuse and a wiring harness extension.  Dealers will also inspect and replace the tow hitch harness assembly, as necessary.  All repairs will be performed free of charge.  Owner notification letters were mailed April 12, 2023. Owners may contact Kia customer service at 1-800-333-4542.  Kia's number for this recall is SC247.","Owners may also contact the National Highway Traffic Safety Administration Vehicle Safety Hotline at 1-888-327-4236 (TTY 1-800-424-9153), or go to www.nhtsa.gov.",2021,KIA,TELLURIDE,KIA,TELLURIDE,2021,2022-08-15
Hyundai Motor America,22V633000,False,True,False,,18/08/2022,TRAILER HITCHES,"Hyundai Motor America (Hyundai) is recalling 2020-2022 Palisade vehicles potentially equipped with a tow hitch harness installed as original equipment, or purchased as an accessory through a Hyundai dealership.  Debris and moisture accumulation on the tow hitch harness module printed circuit board (PCB) may cause an electrical short, which can result in a fire.",A fire while parked or driving can increase the risk of injury.,"Owners are advised to park outside and away from structures until the recall repair is complete.  Dealers will install a new fuse and wire extension kit, as necessary, free of charge.  Owner notification letters were mailed May 18, 2023.  Owners may contact Hyundai customer service at 1-855-371-9460.  Hyundai's number for this recall is 235.","Owners may also contact the National Highway Traffic Safety Administration Vehicle Safety Hotline at 1-888-327-4236 (TTY 1-800-424-9153), or go to www.nhtsa.gov.",2022,HYUNDAI,PALISADE,HYUNDAI,PALISADE,2022,2022-08-18
"Kia America, Inc.",22V651000,False,False,False,,29/08/2022,ELECTRICAL SYSTEM:ALTERNATOR/GENERATOR/REGULATOR,"Kia America, Inc. (Kia) is recalling certain 2023 Sportage vehicles.  The alternator battery positive terminal nut may loosen, which can result in an engine stall or an electrical surge.","An engine stall increases the risk of a crash, and an electrical surge increases the risk of a fire.","Dealers will inspect and tighten the alternator battery positive terminal nut, as necessary, free of charge.  Owner notification letters were mailed September 23, 2022.  Owners may contact Kia customer service at 1-800-333-4542.  Kia's number for this recall is SC248.","Owners may also contact the National Highway Traffic Safety Administration Vehicle Safety Hotline at 1-888-327-4236 (TTY 1-800-424-9153), or go to www.nhtsa.gov.",2023,KIA,SPORTAGE,KIA,SPORTAGE,2023,2022-08-29
"Kia America, Inc.",22V703000,False,True,False,,19/09/2022,TRAILER HITCHES,"Kia America, Inc. (Kia) is recalling certain 2016-2022 Sorento, 2021-2022 Sorento Hybrid (HEV), 2022-2023 Sorento Plug-In Hybrid (PHEV), and 2017-2022 Sportage vehicles equipped with a tow hitch harness installed as original equipment, or purchased as an accessory through a Kia dealership.  Debris and moisture accumulation on the tow hitch harness module printed circuit board (PCB) may cause an electrical short, which can result in a fire.",A fire while parked or driving can increase the risk of injury.,"Owners are advised to park outside and away from structures until the recall repair is complete.  Dealers will inspect the vehicle, and, as necessary, replace the fuse and/or tow hitch harness module, free of charge.  Owner notification letters were mailed August 11, 2023.  Owners may contact Kia customer service at 1-800-333-4542.  Kia's number for this recall is SC249.","Owners may also contact the National Highway Traffic Safety Administration Vehicle Safety Hotline at 1-888-327-4236 (TTY 1-800-424-9153), or go to www.nhtsa.gov.",2021,KIA,SORENTO,KIA,SORENTO,2021,2022-09-19
"Kia America, Inc.",22V899000,False,False,False,,06/12/2022,ELECTRICAL SYSTEM:PROPULSION SYSTEM:TRACTION BATTERY:THERMAL MANAGEMENT:FLUID/COOLANT,"Kia America, Inc. (Kia) is recalling certain 2020 Niro EV vehicles.  The Electric Power Control Unit (EPCU) may have been improperly sealed and may leak coolant internally.","Coolant contacting the EPCU circuit board may cause a loss of drive power, increasing the risk of a crash.","Dealers will inspect and replace the EPCU as necessary, free of charge.  Owner notification letters were mailed March 9, 2023.  Owners may contact Kia customer service at 1-800-333-4542.  Kia's number for this recall is SC258.","Owners may also contact the National Highway Traffic Safety Administration Vehicle Safety Hotline at 1-888-327-4236 (TTY 1-800-424-9153), or go to www.nhtsa.gov.",2020,KIA,NIRO EV,KIA,NIRO EV,2020,2022-12-06
Hyundai Motor America,22V941000,False,False,False,,16/12/2022,ELECTRICAL SYSTEM:PROPULSION SYSTEM:TRACTION BATTERY:THERMAL MANAGEMENT:FLUID/COOLANT,Hyundai Motor America (Hyundai) is recalling certain 2021 Kona EV vehicles.  The Electric Power Control Unit (EPCU) may have been improperly sealed and may leak coolant internally.,"Coolant contacting the EPCU circuit board may cause a loss of drive power, increasing the risk of a crash.","Dealers will inspect and replace the EPCU, as necessary, free of charge.  Owner notification letters were mailed March 22, 2023.  A second notice will be sent once the final remedy is available.  Owners may contact Hyundai customer service at 1-855-371-9460.  Hyundai's number for this recall is 239.","Owners may also contact the National Highway Traffic Safety Administration Vehicle Safety Hotline at 1-888-327-4236 (TTY 1-800-424-9153), or go to www.nhtsa.gov.",2021,HYUNDAI,KONA ELECTRIC,HYUNDAI,KONA ELECTRIC,2021,2022-12-16
Hyundai Motor America,23V181000,False,True,False,,17/03/2023,TRAILER HITCHES,"Hyundai Motor America (Hyundai) is recalling certain 2019-2023 Santa Fe, 2021-2023 Santa Fe HEV, 2022-2023 Santa Fe Plug-in HEV and Santa Cruz vehicles potentially equipped with a tow hitch harness installed as original equipment, or purchased as an accessory through a Hyundai dealership.  Water accumulation on the tow hitch harness module printed circuit board (PCB) may cause an electrical short, which can result in a fire.",A fire while parked or driving can increase the risk of injury.,"Owners are advised to park their vehicles outside and away from structures until the remedy is completed.  Dealers will install a new fuse and wire extension kit as necessary, free of charge.  Owner notification letters were mailed starting May 16, 2023.  Owners may contact Hyundai customer service at 1-855-371-9460.  Hyundai's number for this recall is 244.  This recall is an expansion of previous recall number 22V-633.","Owners may also contact the National Highway Traffic Safety Administration Vehicle Safety Hotline at 1-888-327-4236 (TTY 1-800-424-9153), or go to www.nhtsa.gov.",2022,HYUNDAI,SANTA FE,HYUNDAI,SANTA FE,2022,2023-03-17
"Kia America, Inc.",23V179000,False,True,False,,17/03/2023,TRAILER HITCHES,"Kia America, Inc. (Kia) is recalling certain 2022-2023 Carnival vehicles equipped with a tow hitch harness installed as original equipment, or purchased as an accessory through a Kia dealership.  Water accumulation on the tow hitch harness module printed circuit board (PCB) may cause an electrical short, which can result in a fire.",A fire while parked or driving can increase the risk of injury.,"Owners are advised to park their vehicles outside and away from structures until the remedy is completed.  Dealers will inspect and verify whether the vehicle is equipped with a Genuine Kia accessory trailer tow hitch assembly.  If equipped, dealers will install a new fuse and wire extension kit.  Repairs will be performed free of charge.  Owner notification letters were mailed May 16, 2023.  Owners may contact Kia customer service at 1-800-333-4542.  Kia's number for this recall is SC265.","Owners may also contact the National Highway Traffic Safety Administration Vehicle Safety Hotline at 1-888-327-4236 (TTY 1-800-424-9153), or go to www.nhtsa.gov.",2022,KIA,CARNIVAL,KIA,CARNIVAL,2022,2023-03-17
"Kia America, Inc.",23V298000,False,False,False,,26/04/2023,ELECTRICAL SYSTEM: INSTRUMENT CLUSTER/PANEL,"Kia America, Inc. (Kia) is recalling certain 2023 Sportage, Sportage Hybrid, Sportage Plug-in Hybrid, Niro Hybrid, Niro Plug-in Hybrid, Soul, and Telluride vehicles equipped with a digital instrument cluster containing a 4.2"" LCD screen.  The instrument cluster may fail to display any information when the vehicle is started.  As such, these vehicles fail to comply with the requirements of Federal Motor Vehicle Safety Standard numbers 101, ""Control and Displays,"" and 138, ""Tire Pressure Monitoring Systems.""","A blank instrument cluster display will not show critical information, such as tire pressure, warning messages, and warning lights, increasing the risk of a crash.","Dealers will update the instrument cluster software, free of charge.  Owner notification letters were mailed May 26, 2023.  Owners may contact Kia customer service at 1-800-333-4542.  Kia's number for this recall is SC270.","Owners may also contact the National Highway Traffic Safety Administration Vehicle Safety Hotline at 1-888-327-4236 (TTY 1-800-424-9153), or go to www.nhtsa.gov.",2023,KIA,TELLURIDE,KIA,TELLURIDE,2023,2023-04-26
Hyundai Motor America,23V526000,False,True,False,,27/07/2023,POWER TRAIN:AUTOMATIC TRANSMISSION:FLUID/LUBRICANT:PUMP,"Hyundai Motor America (Hyundai) is recalling certain 2023-2024 Palisade Tucson, 2023 Sonata, Elantra, and Kona vehicles.  The electronic controller for the Idle Stop & Go oil pump assembly may contain damaged electrical components that can cause the pump controller to overheat.",An electric oil pump assembly that overheats increases the risk of a vehicle fire.,"Owners are advised to park outside and away from structures until the recall repair is complete.  Dealers will inspect and replace the electric oil pump controller, as necessary, free of charge.  Owner notification letters were mailed starting September 7, 2023.  Owners may contact Hyundai customer service at 1-855-371-9460.  Hyundai's number for this recall is 246.","Owners may also contact the National Highway Traffic Safety Administration Vehicle Safety Hotline at 1-888-327-4236 (TTY 1-800-424-9153), or go to www.nhtsa.gov.",2023,HYUNDAI,SONATA,HYUNDAI,SONATA,2023,2023-07-27
"Kia America, Inc.",23V531000,False,True,False,,31/07/2023,POWER TRAIN:AUTOMATIC TRANSMISSION:FLUID/LUBRICANT:PUMP,"Kia America, Inc. (Kia) is recalling certain 2023 Soul, Sportage, and 2023-2024 Seltos vehicles.  The electronic controller for the Idle Stop & Go oil pump assembly may contain damaged electrical components that can cause the pump to overheat.",An electric oil pump assembly that overheats increases the risk of a vehicle fire.,"Owners are advised to park outside and away from structures until the recall repair is complete.  Dealers will inspect and replace the electric oil pump controller, as necessary, free of charge.  Owner notification letters are expected to be mailed September 28, 2023.  Owners may contact Kia customer service at 1-800-333-4542.  Kia's number for this recall is SC275.","Owners may also contact the National Highway Traffic Safety Administration Vehicle Safety Hotline at 1-888-327-4236 (TTY 1-800-424-9153), or go to www.nhtsa.gov.",2023,KIA,SELTOS,KIA,SELTOS,2023,2023-07-31
"Kia America, Inc.",23V610000,False,False,False,,31/08/2023,BACK OVER PREVENTION: SENSING SYSTEM: CAMERA,"Kia America, Inc. (Kia) is recalling certain 2022-2023 Sorento, Sorento Hybrid, and Sorento Plug-in Hybrid (PHEV) vehicles.  The mounting clips for the rearview camera may break, which can cause the rearview camera image not to appear properly on the display.  As such, these vehicles fail to comply with the requirements of Federal Motor Vehicle Safety Standard number 111, ""Rear Visibility.""","A rearview camera that does not properly display an image can reduce the driver's rear view, increasing the risk of a crash.","Dealers will inspect and replace the rearview camera housing, as necessary, free of charge.  Owner notification letters were mailed October 27, 2023.  Owners may contact Kia customer service at 1-800-333-4542.  Kia's number for this recall is SC280.","Owners may also contact the National Highway Traffic Safety Administration Vehicle Safety Hotline at 1-888-327-4236 (TTY 1-800-424-9153), or go to www.nhtsa.gov.",2023,KIA,SORENTO,KIA,SORENTO,2023,2023-08-31
Hyundai Motor America,23V901000,False,False,False,,26/12/2023,ELECTRICAL SYSTEM:12V/24V/48V BATTERY:CABLES,Hyundai Motor America (Hyundai) is recalling certain 2024 Kona vehicles.  The 12-Volt battery cables may chafe against the engine control module bracket and short circuit during a crash.,A short circuit increases the risk of an engine compartment fire.,"Dealers will install sheathing over the wiring, free of charge.  Owner notification letters were mailed February 22, 2024.  Owners may contact Hyundai customer service at 1-855-371-9460.  Hyundai's number for this recall is 252.","Owners may also contact the National Highway Traffic Safety Administration Vehicle Safety Hotline at 1-888-327-4236 (TTY 1-800-424-9153), or go to www.nhtsa.gov.",2024,HYUNDAI,KONA,HYUNDAI,KONA,2024,2023-12-26
"Kia America, Inc.",24V169000,False,False,False,,01/03/2024,ENGINE AND ENGINE COOLING:ENGINE:GASOLINE:TURBO/SUPERCHARGER:HOSES/PLUMBING,"Kia America, Inc. (Kia) is recalling certain 2019-2020 K900, and 2018-2023 Stinger vehicles equipped with a 3.3-liter turbo gasoline direct injection engine.  The left turbocharger oil feed pipe and hose assembly may deteriorate and leak oil.",An oil leak in the presence of hot engine components can increase the risk of an engine compartment fire while driving.,"Dealers will replace the left turbocharger oil feed pipe and hose assembly, free of charge.  Owner notification letters were mailed April 26, 2024.  Owners may contact Kia customer service at 1-800-333-4542.  Kia's number for this recall is SC300.","Owners may also contact the National Highway Traffic Safety Administration Vehicle Safety Hotline at 1-888-327-4236 (TTY 1-800-424-9153), or go to www.nhtsa.gov.",2022,KIA,STINGER,KIA,STINGER,2022,2024-03-01
"Kia America, Inc.",24V200000,False,False,False,PE23012,14/03/2024,ELECTRICAL SYSTEM:12V/24V/48V BATTERY,"Kia America, Inc. (Kia) is recalling certain 2022-2024 EV6 vehicles.  The Integrated Charging Control Unit (ICCU) may become damaged and stop charging the 12-Volt battery, which can result in a loss of drive power.",A loss of drive power increases the risk of a crash.,"Dealers will inspect and replace the ICCU and its fuse, as necessary.  In addition, dealers will update the ICCU software.  All repairs will be performed free of charge.  Owner notification letters are expected to be mailed April 29, 2024.  Owners may contact Kia customer service at 1-800-333-4542.  Kia's number for this recall is SC302.","Owners may also contact the National Highway Traffic Safety Administration Vehicle Safety Hotline at 1-888-327-4236 (TTY 1-800-424-9153), or go to www.nhtsa.gov.",2022,KIA,EV6,KIA,EV6,2022,2024-03-14
Hyundai Motor America,24V204000,False,False,False,PE23011,15/03/2024,ELECTRICAL SYSTEM:12V/24V/48V BATTERY,"Hyundai Motor America (Hyundai) is recalling certain 2022-2024 IONIQ 5, 2023-2024 IONIQ 6, Genesis GV60, Genesis GV70 ""Electrified,"" and Genesis G80 ""Electrified"" vehicles.  The Integrated Charging Control Unit (ICCU) may become damaged and stop charging the 12-Volt battery, which can result in a loss of drive power.",A loss of drive power increases the risk of a crash.,"This recall is replaced by NHTSA recall number 24V-868.  Vehicles already repaired under this recall will need to have the new remedy completed. Dealers will inspect and replace the ICCU and its fuse, as necessary.  In addition, dealers will update the ICCU software.  All repairs will be performed free of charge.  Owner notification letters were mailed April 22, 2024.  Owners may contact Hyundai customer service at 1-855-371-9460.  Hyundai's number for this recall is 257/021G.","Owners may also contact the National Highway Traffic Safety Administration Vehicle Safety Hotline at 1-888-327-4236 (TTY 1-800-424-9153), or go to www.nhtsa.gov.",2023,HYUNDAI,IONIQ 6,HYUNDAI,IONIQ 6,2023,2024-03-15
Hyundai Motor America,24V246000,False,False,True,,02/04/2024,BACK OVER PREVENTION:SOFTWARE,"Hyundai Motor America (Hyundai) is recalling certain 2024 Santa Fe vehicles.  The rearview camera image may be obstructed by a trailer parking assist message.  As such, these vehicles fail to comply with the requirements of Federal Motor Vehicle Safety Standard number 111, ""Rear Visibility.""",An obstructed rearview camera image reduces rearward visibility and increases the risk of a crash or injury.,"Hyundai will release an over-the-air (OTA) software update.  Owner notification letters were mailed beginning May 31, 2024.  Owners may contact Hyundai customer service at 1-855-371-9460.  Hyundai's number for this recall is 258.","Owners may also contact the National Highway Traffic Safety Administration Vehicle Safety Hotline at 1-888-327-4236 (TTY 1-800-424-9153), or go to www.nhtsa.gov.",2024,HYUNDAI,SANTA FE,HYUNDAI,SANTA FE,2024,2024-04-02
"Kia America, Inc.",24V287000,False,False,False,,23/04/2024,ELECTRICAL SYSTEM:WIRING,"Kia America, Inc. (Kia) is recalling certain 2024 Sorento vehicles.  The motor driven power steering (MDPS) wiring harness may be incorrectly assembled, which can result in a loss of power steering assist.",A loss of power steering assist increases the risk of a crash.,"Dealers will inspect and repair, or replace the MDPS wiring harness as necessary, free of charge.  Owner notification letters were mailed May 7, 2024.  Owners may contact Kia customer service at 1-800-333-4542.  Kia's number for this recall is SC309.","Owners may also contact the National Highway Traffic Safety Administration Vehicle Safety Hotline at 1-888-327-4236 (TTY 1-800-424-9153), or go to www.nhtsa.gov.",2024,KIA,SORENTO,KIA,SORENTO,2024,2024-04-23
Hyundai Motor America,24V308000,False,False,False,,01/05/2024,ENGINE AND ENGINE COOLING:EXHAUST SYSTEM:EMISSION CONTROL:GAS RECIRCULATION VALVE (EGR VALVE),"Hyundai Motor America (Hyundai) is recalling certain 2024 Elantra, Venue, and Kona vehicles.  An electrical short circuit may occur in the exhaust gas recirculation (EGR) valve assembly, which can result in a loss of drive power.",A loss of drive power increases the risk of a crash.,"Dealers will replace the exhaust gas recirculation valve assembly, free of charge.  Owner notification letters were mailed June 28, 2024.  Owners may contact Hyundai customer service at 1-855-371-9460.  Hyundai's number for this recall is 260.","Owners may also contact the National Highway Traffic Safety Administration Vehicle Safety Hotline at 1-888-327-4236 (TTY 1-800-424-9153), or go to www.nhtsa.gov.",2024,HYUNDAI,ELANTRA,HYUNDAI,ELANTRA,2024,2024-05-01
"Kia America, Inc.",24V338000,False,False,False,,14/05/2024,SEAT BELTS:FRONT:RETRACTOR,"Kia America, Inc. (Kia) is recalling certain 2024 EV9 vehicles.  The front passenger seat belt retractor cover may not be secured properly, which can cause the front passenger seat belt automatic locking retractor (ALR) and emergency locking retractor (ELR) to not operate as intended.  As such, these vehicles fail to comply with the requirements of Federal Motor Vehicle Safety Standard numbers 208, ""Occupant Crash Protection"" and 209, ""Seat Belt Assemblies.""",A seat belt retractor that does not operate as intended increases the risk of injury in a crash.,"Dealers will replace the front passenger seat belt assembly, free of charge.  Owner notification letters were mailed June 5, 2024.  Owners may contact Kia customer service at 1-800-333-4542.  Kia's number for this recall is SC312.","Owners may also contact the National Highway Traffic Safety Administration Vehicle Safety Hotline at 1-888-327-4236 (TTY 1-800-424-9153), or go to www.nhtsa.gov.",2024,KIA,EV9,KIA,EV9,2024,2024-05-14
"Kia America, Inc.",24V358000,False,False,False,,21/05/2024,ELECTRICAL SYSTEM:PROPULSION SYSTEM:SHOCK PROTECTION,"Kia America, Inc. (Kia) is recalling certain 2022 Niro EV vehicles.  The high voltage battery safety plug may overheat and melt, which can cause a loss of drive power or fire.","A loss of drive power increases the risk of a crash, and a fire increases the risk of injury.","Owners are advised not to charge their vehicle in a garage or any other covered structure until the recall repair is completed.  Dealers will replace the safety plug, free of charge.  Owner notification letters were mailed July 19, 2024.  Kia's number for this recall is SC314.","Owners may also contact the National Highway Traffic Safety Administration Vehicle Safety Hotline at 1-888-327-4236 (TTY 1-800-424-9153), or go to www.nhtsa.gov.",2022,KIA,NIRO EV,KIA,NIRO EV,2022,2024-05-21
Hyundai Motor America,24V529000,False,False,False,,12/07/2024,POWER TRAIN:AUTOMATIC TRANSMISSION:CONTROL MODULE:SOFTWARE,Hyundai Motor America (Hyundai) is recalling certain 2024 Santa Fe vehicles.  A software error in the transmission control unit may result in a vehicle roll away when the vehicle is in PARK.,A vehicle roll away increases the risk of a crash or injury.,"Owners are advised to use the emergency parking brake after parking their vehicles.  Hyundai will release an over-the-air (OTA) software update for the transmission control unit.  In addition, dealers will inspect and replace the dual clutch transmission, as necessary.  All repairs will be performed free of charge.  Owner notification letters were mailed beginning August 26, 2024.  Owners may contact Hyundai customer service at 1-855-371-9460.  Hyundai's number for this recall is 263.","Owners may also contact the National Highway Traffic Safety Administration Vehicle Safety Hotline at 1-888-327-4236 (TTY 1-800-424-9153), or go to www.nhtsa.gov.",2024,HYUNDAI,SANTA FE,HYUNDAI,SANTA FE,2024,2024-07-12
Hyundai Motor America,24V583000,False,False,True,,07/08/2024,EXTERIOR LIGHTING:BRAKE LIGHTS,"Hyundai Motor America (Hyundai) is recalling certain 2024 Hyundai Sonata vehicles.  The software for the brake lights may cause the brake lights to flash and not illuminate properly.  As such, these vehicles fail to comply with the requirements of Federal Motor Vehicle Safety Standard (FMVSS) number 108, ""Lamps, Reflective Devices, and Associated Equipment.""","Flashing brake lights may cause confusion for other drivers on the road, increasing the risk of a crash.","Dealers will update the rear brake light software, free of charge.  Additionally, Hyundai will release the software update over-the-air (OTA).  Owner notification letters were mailed September 12, 2024.  Owners may contact Hyundai customer service at 1-855-371-9460.  Hyundai's number for this recall is 267.","Owners may also contact the National Highway Traffic Safety Administration Vehicle Safety Hotline at 1-888-327-4236 (TTY 1-800-424-9153), or go to www.nhtsa.gov.",2024,HYUNDAI,SONATA,HYUNDAI,SONATA,2024,2024-08-07
"Kia America, Inc.",24V693000,False,False,False,,17/09/2024,PARKING BRAKE:ELECTRICAL:CONTROL MODULE:SOFTWARE,"Kia America, Inc. (Kia) is recalling certain 2024 EV9 vehicles.  A software error may cause the remote smart parking assist feature, which allows the operator to remotely move the vehicle, to miscalculate stopping distances.",A remote smart parking assist feature that miscalculates stopping distances may increase the risk of a crash.,"Dealers will update the integrated electronic brake software, free of charge.  Owner notification letters were mailed October 4, 2024.  Owners may contact Kia customer service at 1-800-333-4542.  Kia's number for this recall is SC324.","Owners may also contact the National Highway Traffic Safety Administration Vehicle Safety Hotline at 1-888-327-4236 (TTY 1-800-424-9153), or go to www.nhtsa.gov.",2024,KIA,EV9,KIA,EV9,2024,2024-09-17
"Kia America, Inc.",24V757000,False,False,True,,10/10/2024,ELECTRICAL SYSTEM: INSTRUMENT CLUSTER/PANEL,"Kia America, Inc. (Kia) is recalling certain 2024-2025 EV9 vehicles.  Due to a software error, the instrument panel screen may fail.  As such, these vehicles fail to comply with the requirements of Federal Motor Vehicle Safety Standard number 101, ""Controls and Displays.""","An instrument panel screen that fails to display critical safety information, such as the speedometer or warning lights, can increase the risk of a crash.","The instrument cluster software will be updated by a dealer or through an over-the-air (OTA) update, free of charge.  Owner notification letters were mailed October 25, 2024.  Owners may contact Kia Customer Service at 1-800-333-4542.  Kia's number for this recall is SC326.",Owners may also contact the National Highway Traffic Safety Administration Vehicle Safety Hotline at 1-888-327-4236 (TTY 1-800-424-9153) or go to nhtsa.gov.,2024,KIA,EV9,KIA,EV9,2024,2024-10-10
Hyundai Motor America,24V843000,False,False,False,,07/11/2024,ELECTRICAL SYSTEM:WIRING:SWITCHES/KNOBS/BUTTONS,"Hyundai Motor America (Hyundai) is recalling certain 2024 Santa Fe and Santa Fe Hybrid vehicles. The overhead console rear sunshade switch knob may not be fully recessed, which can result in unintentional closing of the sunshade.  As such, these vehicles fail to comply with the requirements of Federal Motor Vehicle Safety Standard number 118, ""Power-Operated Window, Partition and Roof Panel Systems.""",A sunshade that closes unexpectedly can increase the risk of injury.,"Dealers will replace the switch knobs, free of charge.  Owner notification letters were mailed December 2, 2025.  Owners may contact Hyundai customer service at 1-855-371-9460.  Hyundai's number for this recall is 270.",Owners may also contact the National Highway Traffic Safety Administration Vehicle Safety Hotline at 1-888-327-4236 (TTY 1-800-424-9153) or go to nhtsa.gov.,2024,HYUNDAI,SANTA FE,HYUNDAI,SANTA FE,2024,2024-11-07
"Kia America, Inc.",24V867000,False,False,False,,18/11/2024,ELECTRICAL SYSTEM:12V/24V/48V BATTERY,"Kia America, Inc. (Kia) is recalling certain 2022-2024 EV6 vehicles.  The Integrated Charging Control Unit (ICCU) may become damaged and stop charging the 12-volt battery, which can result in a loss of drive power.",A loss of drive power increases the risk of a crash.,"Dealers will inspect and replace the ICCU and its fuse, as necessary.  In addition, dealers will update the ICCU software.  All repairs will be performed free of charge.  Owner notification letters were mailed December 13, 2024.  Owners may contact Kia customer service at 1-800-333-4542.  Kia's number for this recall is SC327.  This recall expands and replaces previous recall number 24V-200.  Vehicles previously repaired under recall 24V-200 will need to have the new remedy completed.",Owners may also contact the National Highway Traffic Safety Administration Vehicle Safety Hotline at 1-888-327-4236 (TTY 1-800-424-9153) or go to nhtsa.gov.,2022,KIA,EV6,KIA,EV6,2022,2024-11-18
Hyundai Motor America,24V868000,False,False,False,,18/11/2024,ELECTRICAL SYSTEM:12V/24V/48V BATTERY,"Hyundai Motor America (Hyundai) is recalling certain 2022-2024 IONIQ 5, 2023-2025 IONIQ 6, Genesis GV60, Genesis GV70 ""Electrified,"" and Genesis G80 ""Electrified"" vehicles.  The Integrated Charging Control Unit (ICCU) may become damaged and stop charging the 12-volt battery, which can result in a loss of drive power.",A loss of drive power increases the risk of a crash.,"Dealers will inspect and replace the ICCU and its fuse, as necessary.  In addition, dealers will update the ICCU software.  All repairs will be performed free of charge.  Owner notification letters were mailed December 20, 2024.  Owners may contact Hyundai customer service at 1-855-371-9460 or Genesis customer service at 1-844-340-9741.  Hyundai's numbers for this recall are 272 (Hyundai) and 025G (Genesis).  This recall expands and replaces previous recall number 24V-204. Vehicles previously repaired under recall 24V-204 will need to have the new remedy completed.",Owners may also contact the National Highway Traffic Safety Administration Vehicle Safety Hotline at 1-888-327-4236 (TTY 1-800-424-9153) or go to nhtsa.gov.,2023,HYUNDAI,IONIQ 5,HYUNDAI,IONIQ 5,2023,2024-11-18
Hyundai Motor America,24V877000,False,False,False,,20/11/2024,ELECTRICAL SYSTEM:WIRING,"Hyundai Motor America (Hyundai) is recalling certain 2025 Tucson and Santa Cruz vehicles.  The console extension wiring assembly may be routed improperly, allowing the transmission to be shifted out of Park without applying the brake pedal.","A transmission that can shift out of Park without applying the brake pedal can result in a vehicle roll away, increasing the risk of a crash.","Owners are advised to use the parking brake when parking the vehicle.  Dealers will reroute the console extension wiring assembly, free of charge.  Owner notification letters were mailed December 17, 2024.  Owners may contact Hyundai customer service at 1-855-371-9460.  Hyundai's number for this recall is 273.",Owners may also contact the National Highway Traffic Safety Administration Vehicle Safety Hotline at 1-888-327-4236 (TTY 1-800-424-9153) or go to nhtsa.gov.,2025,HYUNDAI,SANTA CRUZ,HYUNDAI,SANTA CRUZ,2025,2024-11-20
Hyundai Motor America,24V879000,False,False,False,,21/11/2024,BACK OVER PREVENTION: SENSING SYSTEM: CAMERA,"Hyundai Motor America (Hyundai) is recalling certain 2021-2022 Santa Fe, Santa Fe HEV, Elantra, Elantra HEV and 2022 Elantra N and Santa Fe PHEV vehicles.  Due to a damaged printed circuit board, the rearview camera image may fail to display.  As such, these vehicles fail to comply with the requirements of Federal Motor Vehicle Safety Standard number 111, ""Rear Visibility.""",A rearview image that does not display reduces the driver's visibility and increases the risk of a crash.,"Dealers will replace the rearview camera, free of charge.  Owner notification letters were mailed January 14, 2025.  Owners may contact Hyundai customer service at 1-855-371-9460.  Hyundai's number for this recall is 271.",Owners may also contact the National Highway Traffic Safety Administration Vehicle Safety Hotline at 1-888-327-4236 (TTY 1-800-424-9153) or go to nhtsa.gov.,2021,HYUNDAI,SANTA FE,HYUNDAI,SANTA FE,2021,2024-11-21
"Kia America, Inc.",25V006000,False,False,False,,13/01/2025,ELECTRICAL SYSTEM:BODY CONTROL MODULE:SOFTWARE,"Kia America, Inc. (Kia) is recalling certain 2024-2025 Sorento, 2025 Sorento Hybrid, and 2025 Sorento Plug-In Hybrid vehicles.  A software error in the Body Domain Control Unit (BDC) may cause a loss of low beam headlights and taillights.  As such, these vehicles fail to comply with the requirements of Federal Motor Vehicle Safety Standard (FMVSS) 108, ""Lamps, Reflective Devices, and Associated Equipment.""","A loss of headlights and taillights can reduce visibility, increasing the risk of a crash.","Dealers will update the BDC software, free of charge.  Owner notification letters were mailed February 21, 2025.  Owners may contact Kia customer service at 1-800-333-4542.  Kia's number for this recall is SC331.",Owners may also contact the National Highway Traffic Safety Administration Vehicle Safety Hotline at 1-888-327-4236 (TTY 1-800-424-9153) or go to nhtsa.gov.,2024,KIA,SORENTO,KIA,SORENTO,2024,2025-01-13
Hyundai Motor America,25V065000,False,False,False,,06/02/2025,"SERVICE BRAKES, HYDRAULIC:POWER ASSIST:ELECTRIC:CONTROL MODULE:SOFTWARE","Hyundai Motor America (Hyundai) is recalling certain 2025 Hyundai IONIQ 5 ""N"" vehicles equipped with a left-foot braking (LFB) feature.  The integrated electronic brake (IEB) and vehicle control unit (VCU) software may cause reduced braking performance when LFB is activated.","Reduced braking performance can increase the distance required to stop the vehicle, increasing the risk of a crash.","Owners who have not received the recall remedy are advised not to use the LFB feature until the updated remedy has been performed.  Additionally, owners who have received the recall remedy are advised not to use the 'N' E-shift feature until the updated remedy has been performed.  Dealers will update the IEB and VCU software, free of charge.  Owner notification letters were mailed March 12, 2025.  This recall is replaced by NHTSA recall number 25V-235.  Vehicles already repaired under this recall will need to have the new remedy completed. Owners may contact Hyundai customer service at 1-855-371-9460.  Hyundai's number for this recall is 275.",Owners may also contact the National Highway Traffic Safety Administration Vehicle Safety Hotline at 1-888-327-4236 (TTY 1-800-424-9153) or go to nhtsa.gov.,2025,HYUNDAI,IONIQ 5,HYUNDAI,IONIQ 5,2025,2025-02-06
Hyundai Motor America,25V064000,False,False,False,,06/02/2025,ELECTRICAL SYSTEM:WIRING,"Hyundai Motor America (Hyundai) is recalling certain 2025 IONIQ 5 EV vehicles.  The rear floor wiring harness may contain an open circuit, which can result in the rear side air bag not deploying as intended.",A rear side air bag that does not deploy as intended can increase the risk of injury in a crash.,"Dealers will inspect and replace the rear floor wiring harness, as necessary, free of charge.  Owner notification letters were mailed March 12, 2025.  Owners may contact Hyundai customer service at 1-855-371-9460.  Hyundai's number for this recall is 274.",Owners may also contact the National Highway Traffic Safety Administration Vehicle Safety Hotline at 1-888-327-4236 (TTY 1-800-424-9153) or go to nhtsa.gov.,2025,HYUNDAI,IONIQ 5,HYUNDAI,IONIQ 5,2025,2025-02-06
"Kia America, Inc.",25V115000,False,False,False,,24/02/2025,ELECTRICAL SYSTEM:PROPULSION SYSTEM,"Kia America, Inc. (Kia) is recalling certain 2025 EV9 vehicles.  The rear gear drive unit (GDU) motor shaft may have been improperly welded and become damaged, causing a loss of drive power.",A loss of drive power increases the risk of a crash.,"Dealers will replace the rear GDU, free of charge.  Owner notification letters were mailed March 7, 2025.  Owners may contact Kia customer service at 800-333-4542.  Kia's number for this recall is SC337.",Owners may also contact the National Highway Traffic Safety Administration Vehicle Safety Hotline at 888-327-4236 (TTY 888-275-9171) or go to nhtsa.gov.,2025,KIA,EV9,KIA,EV9,2025,2025-02-24
Hyundai Motor America,25V235000,False,False,True,,11/04/2025,"SERVICE BRAKES, HYDRAULIC:POWER ASSIST:ELECTRIC:CONTROL MODULE:SOFTWARE","Hyundai Motor America (Hyundai) is recalling certain 2025 Hyundai IONIQ 5 ""N"" vehicles equipped with left-foot braking (LFB) and N e-shift features.  The integrated electronic brake (IEB) and vehicle control unit (VCU) software may cause reduced braking performance when LFB is activated.  Additionally, the vehicle may continue to accelerate after the pedal is released and the vehicle's N e-shift feature is engaged.","Reduced braking performance and unexpected, continued acceleration increase the risk of a crash.","Owners are advised not to use the LFB or N e-Shift features until the remedy has been performed.  The IEB and VCU software will be updated over-the-air (OTA) or by a dealer, free of charge.  Owner notification letters were mailed April 25, 2025.  This recall replaces NHTSA recall number 25V-065.  Vehicles repaired under the previous recall will need to have the new remedy completed.  Owners may contact Hyundai customer service at 1-855-371-9460.  Hyundai's number for this recall is 277.",Owners may also contact the National Highway Traffic Safety Administration Vehicle Safety Hotline at 1-888-327-4236 (TTY 1- 888-275-9171) or go to www.safercar.gov.,2025,HYUNDAI,IONIQ 5,HYUNDAI,IONIQ 5,2025,2025-04-11
Hyundai Motor America,25V291000,False,True,False,,06/05/2025,POWER TRAIN:AUTOMATIC TRANSMISSION:FLUID/LUBRICANT:PUMP,"Hyundai Motor America (Hyundai) is recalling certain 2025 Hyundai Palisade vehicles.  An insufficient seal on the controller for the electric oil pump may allow moisture to accumulate in the printed circuit board, which can cause an electrical short and result in a fire.",A fire while parked or driving can increase the risk of injury.,"Owners are advised to park their vehicles outside and away from structures until the recall remedy is completed.  Dealers will replace the electric oil pump controller, free of charge.  Owner notification letters were mailed June 11, 2025.  Owners may contact Hyundai customer service at 1-855-371-9460.  Hyundai's number for this recall is 278.",Owners may also contact the National Highway Traffic Safety Administration Vehicle Safety Hotline at 1-888-327-4236 (TTY 1- 888-275-9171) or go to www.safercar.gov.,2025,HYUNDAI,PALISADE,HYUNDAI,PALISADE,2025,2025-05-06
"Kia America, Inc.",25V351000,False,False,False,,27/05/2025,EXTERIOR LIGHTING:LIGHTING CONTROL MODULE:SOFTWARE,"Kia America, Inc. (Kia) is recalling certain 2025 K5 vehicles. A software error in the Power-net Domain Controller (PDC) may cause the parking lights to flicker. As such, these vehicles fail to comply with the requirements of Federal Motor Vehicle Safety Standard (FMVSS) 108, ""Lamps, Reflective Devices, and Associated Equipment.""","Parking lights that fail to illuminate properly can reduce visibility, increasing the risk of a crash.","The PDC software will be updated by a dealer or through an over-the-air (OTA) update, free of charge. Owner notification letters were mailed June 24, 2025. Owners may contact Kia customer service at 1-800-333-4542. Kia's number for this recall is SC341.",,2025,KIA,K5,KIA,K5,2025,2025-05-27
"Kia America, Inc.",25V426000,False,False,False,,20/06/2025,BACK OVER PREVENTION: SENSING SYSTEM: CAMERA,"Kia America, Inc. (Kia) is recalling certain 2020-2022 Niro EV vehicles. The circuit board for the rearview camera may become damaged and cause the rearview camera image not to display. As such, these vehicles fail to comply with the requirements of Federal Motor Vehicle Safety Standard (FMVSS) number 111, ""Rear Visibility.""","A rearview image that does not display reduces the driver's view of what is behind the vehicle, increasing the risk of a crash.","Dealers will replace the rearview camera, free of charge. Owner notification letters were mailed November 7, 2025. Owners may contact Kia customer service at 1-800-333-4542. Kia's number for this recall is SC342.",,2022,KIA,NIRO EV,KIA,NIRO EV,2022,2025-06-20
Hyundai Motor America,25V482000,False,True,False,,24/07/2025,ELECTRICAL SYSTEM:PROPULSION SYSTEM:TRACTION BATTERY,"Hyundai Motor America (Hyundai) is recalling certain 2025 IONIQ 5 vehicles. The high voltage battery system may contain an improperly tightened bus bar, which can cause a short-circuit.",An electrical short in the high voltage battery system increases the risk of a fire.,"Owners are advised to park their vehicles outside and away from structures until the recall remedy is complete. Dealers will inspect and repair the high voltage battery system, as necessary, free of charge. Owner notification letters were mailed August 25, 2025. Owners may contact Hyundai customer service at 1-855-371-9460. Hyundai's number for this recall is 280.",,2025,HYUNDAI,IONIQ 5,HYUNDAI,IONIQ 5,2025,2025-07-24
Hyundai Motor America,25V606000,False,False,False,,12/09/2025,ELECTRICAL SYSTEM:PROPULSION SYSTEM:CHARGING:PORT,Hyundai Motor America (Hyundai) is recalling certain 2023-2025 IONIQ 6 electric vehicles. The charging port door panel may detach.,"A detached charging port door panel can create a road hazard for other vehicles, increasing the risk of a crash.","Dealers will apply an adhesive on the charging port door assembly, free of charge. Owner notification letters were mailed beginning October 10, 2025. Owners may contact Hyundai customer service at 1-855-371-9460. Hyundai's number for this recall is 282. Vehicle Identification Numbers (VINs) involved in this recall became searchable on NHTSA.gov on September 13, 2025.",,2025,HYUNDAI,IONIQ 6,HYUNDAI,IONIQ 6,2025,2025-09-12
"Kia America, Inc.",25V649000,False,False,False,,25/09/2025,ELECTRICAL SYSTEM:WIRING:FUSES AND CIRCUIT BREAKERS,"Kia America, Inc. (Kia) is recalling certain 2021-2023 Sorento vehicles. The heating, ventilation, and air conditioning (HVAC) blower motor wiring harness may be inadequate, which can result in a fire.",A fire increases the risk of injury.,"Dealers will replace the wiring harness and blower motor resistor, free of charge. Owner notification letters were mailed January 23, 2026. Owners may contact Kia customer service at 800-333-4542. Kia's number for this recall is SC351. Vehicle Identification Numbers (VINs) involved in this recall will be searchable on NHTSA.gov beginning October 9, 2025.",,2021,KIA,SORENTO,KIA,SORENTO,2021,2025-09-25
Hyundai Motor America,25V659000,False,False,False,,02/10/2025,ELECTRICAL SYSTEM:STARTER ASSEMBLY,"Hyundai Motor America (Hyundai) is recalling certain 2024-2025 Santa Fe vehicles. The B+ positive terminal cover on the starter motor assembly may be improperly installed, which can cause an electrical short during a crash.",An electrical short increases the risk of a fire.,"Dealers will inspect and reinstall the starter motor terminal cover, as necessary, free of charge. Owner notification letters were mailed beginning October 22, 2025. Owners may contact Hyundai customer service at 1-855-371-9460. Hyundai's number for this recall is 285. Vehicle Identification Numbers (VINs) involved in this recall became searchable on NHTSA.gov on October 4, 2025.",,2025,HYUNDAI,SANTA FE,HYUNDAI,SANTA FE,2025,2025-10-02
Hyundai Motor America,25V797000,False,False,False,,18/11/2025,SEAT BELTS:FRONT:RETRACTOR,Hyundai Motor America (Hyundai) is recalling certain 2025 IONIQ 5 vehicles. The seat belt retractors for the driver and front passenger seats may not be securely fastened.,"An improperly secured seat belt retractor may not function properly in a crash, increasing the risk of injury.","Dealers will inspect and secure the seat belt retractors, as necessary, free of charge. Owner notification letters were mailed December 30, 2025. Owners may contact Hyundai customer service at 1-855-371-9460. Hyundai's number for this recall is 287. Vehicle Identification Numbers (VINs) involved in this recall became searchable on NHTSA.gov on November 19, 2025.",,2025,HYUNDAI,IONIQ 5,HYUNDAI,IONIQ 5,2025,2025-11-18
Hyundai Motor America,25V808000,False,False,False,,21/11/2025,BACK OVER PREVENTION:DISPLAY FUNCTION,"Hyundai Motor America (Hyundai) is recalling certain 2024-2025 Santa Fe and Santa Fe Hybrid vehicles. The rearview camera may not have been installed properly, which can damage the wiring harness and cause the rearview camera image not to display. As such, these vehicles fail to comply with the requirements of Federal Motor Vehicle Safety Standard (FMVSS) number 111, ""Rear Visibility.""","A rearview image that does not display reduces the driver's view behind the vehicle, increasing the risk of a crash.","Dealers will replace the camera wiring harness, free of charge. Owner notification letters were mailed beginning January 15, 2026. Owners may contact Hyundai customer service at 1-855-371-9460. Hyundai's number for this recall is 288. Vehicle Identification Numbers (VINs) involved in this recall became searchable on NHTSA.gov on November 22, 2025.",,2024,HYUNDAI,SANTA FE,HYUNDAI,SANTA FE,2024,2025-11-21
"Kia America, Inc.",25V874000,False,False,False,,17/12/2025,TRAILER HITCHES,"Kia America, Inc. (Kia) is recalling certain 2023-2025 Sportage Plug-In Hybrid Electric (PHEV) and 2024-2025 Sportage vehicles equipped with a 4.2"" screen and a Genuine Kia tow hitch harness accessory. Due to a software error, the instrument panel screen may fail. As such, these vehicles fail to comply with the requirements of Federal Motor Vehicle Safety Standard number 101, ""Controls and Displays.""","An instrument panel screen that fails to display critical safety information, such as the speedometer or warning lights, can increase the risk of a crash.","Dealers will replace the tow hitch harness control module, free of charge. Owner notification letters were mailed February 13, 2026. Owners may contact Kia Customer Service at 1-800-333-4542.  Kia's number for this recall is SC359. Vehicle Identification Numbers (VINs) involved in this recall will be searchable on NHTSA.gov beginning December 31, 2025.",,2024,KIA,SPORTAGE,KIA,SPORTAGE,2024,2025-12-17
Hyundai Motor America,25V893000,False,True,False,,19/12/2025,TRAILER HITCHES,"Hyundai Motor America (Hyundai) is recalling certain 2022-2024 Tucson vehicles equipped with an optional Mobis tow hitch wiring harness. The wiring harness may have been installed incorrectly, allowing water into the control module. Moisture accumulation may cause the trailer lighting to fail or an electrical short circuit.",Nonfunctioning trailer lights can increase the risk of a crash. A short circuit can increase the risk of a fire.,"Owners are advised to park outside and away from structures until the recall repair is complete. Dealers will install a cap of the wiring, free of charge. Owner notification letters were mailed May 11, 2026. Owners may contact Hyundai customer service at 1-855-371-9460. Hyundai's number for this recall is 290. Vehicle Identification Numbers (VINs) involved in this recall  became searchable on NHTSA.gov on December 20, 2025.",,2022,HYUNDAI,TUCSON,HYUNDAI,TUCSON,2022,2025-12-19
"Kia America, Inc.",26V046000,False,False,False,,27/01/2026,ELECTRICAL SYSTEM: INSTRUMENT CLUSTER/PANEL,"Kia America, Inc. (Kia) is recalling certain 2025 Kia K4, 2025-2026 Sorento, Sorento Hybrid, Sorento Plug-In Hybrid Electric (PHEV), 2026 Sportage, Sportage Hybrid, Sportage PHEV,  K5, EV9, Carnival, and Carnival Hybrid vehicles. Due to a software error, the instrument panel display may fail. As such, these vehicles fail to comply with the requirements of Federal Motor Vehicle Safety Standard (FMVSS) numbers 101, ""Controls and Displays"" and 138, ""Tire Pressure Monitoring System.""","An instrument panel display that fails to show critical safety information, such as the speedometer, tire pressure, or warning lights, increases the risk of a crash.","The instrument panel display software will be updated over-the-air (OTA) or by a dealer, free of charge. Owner notification letters are expected to be mailed March 26, 2026. Owners may contact Kia Customer Service at 1-800-333-4542. Kia's number for this recall is SC361. Vehicle Identification Numbers (VINs) involved in this recall will become searchable on NHTSA.gov on February 9, 2026.",,2026,KIA,SORENTO,KIA,SORENTO,2026,2026-01-27
Hyundai Motor America,26V047000,False,False,False,,27/01/2026,ELECTRICAL SYSTEM: INSTRUMENT CLUSTER/PANEL,"Hyundai Motor America (Hyundai) is recalling certain 2025-2026 Tucson Hybrid, Tucson Plug-In Hybrid Electric (PHEV), 2026 IONIQ 5, Santa Cruz, Kona, Palisade, Palisade Hybrid, Santa Fe, Santa Fe Hybrid, Sonata, Sonata Hybrid, and Tucson vehicles. Due to a software error, the instrument panel display may fail. As such, these vehicles fail to comply with the requirements of Federal Motor Vehicle Safety Standard (FMVSS) number 101, ""Controls and Displays.""","An instrument panel display that fails to show critical safety information, such as the speedometer or warning lights, increases the risk of a crash.","The instrument panel display software will be updated over-the-air (OTA) or by a dealer, free of charge. Owner notification letters were mailed March 24, 2026. Owners may contact Hyundai's customer service at 855-371-9460. Hyundai's number for this recall is 293. Vehicle Identification Numbers (VINs) involved in this recall became searchable on NHTSA.gov on January 28, 2026.",,2026,HYUNDAI,TUCSON,HYUNDAI,TUCSON,2026,2026-01-27
Hyundai Motor America,26V068000,False,False,False,,06/02/2026,ELECTRICAL SYSTEM:PROPULSION SYSTEM:TRACTION BATTERY,"Hyundai Motor America (Hyundai) is recalling certain 2025-2026 IONIQ 5 and 2026 IONIQ 9 vehicles. The high voltage battery system may contain an improperly tightened bus bar, which can cause a short-circuit.",An electrical short in the high voltage battery system increases the risk of a fire.,"Dealers will inspect and tighten the bus bar retention bolts and replace the battery system assembly, as necessary, free of charge. Owner notification letters were mailed April 3, 2026. Owners may contact Hyundai customer service at 1-855-371-9460. Hyundai's number for this recall is 294.  Vehicle Identification Numbers (VINs) involved in this recall became searchable on NHTSA.gov on February 7, 2026.",,2026,HYUNDAI,IONIQ 5,HYUNDAI,IONIQ 5,2026,2026-02-06
Hyundai Motor America,26V169000,False,False,False,,20/03/2026,SEAT BELTS: REAR/OTHER:BUCKLE ASSEMBLY,"Hyundai Motor America (Hyundai) is recalling certain 2026 Hyundai Palisade and 2026 Hyundai Palisade Hybrid vehicles equipped with ""Limited"" and ""Calligraphy"" trim packages. The internal wiring within the third-row driver-side seat belt buckle may become damaged and result in a permanent display of a belted third-row driver-side seat on the instrument panel.","A faulty seat belt status indicator may fail to alert occupants to an unfastened seat belt, increasing the risk of injury.","Dealers will install a wiring harness extension and replace the seat belt assembly, as necessary, free of charge. Owner notification letters were mailed beginning May 8, 2026. Owners may contact Hyundai customer service at 1-855-371-9460. Hyundai's number for this recall is 297. Vehicle Identification Numbers (VINs) involved in this recall became searchable on NHTSA.gov March 21, 2026.",,2026,HYUNDAI,PALISADE,HYUNDAI,PALISADE,2026,2026-03-20
Hyundai Motor America,26V316000,False,False,False,,19/05/2026,FORWARD COLLISION AVOIDANCE: AUTOMATIC EMERGENCY BRAKING,"Hyundai Motor America (Hyundai) is recalling certain 2025-2026 Santa Cruz, Tucson, Tucson Hybrid, and Tucson Plug-In Hybrid Electric (PHEV) vehicles. Software in the front cameras may cause the forward collision avoidance system to activate prematurely and unexpectedly apply the brakes.",Unexpected braking increases the risk of a crash.,"Dealers will update the front camera software, free of charge. Owner notification letters are expected to be mailed July 17, 2026. Owners may contact Hyundai customer service at 1-855-371-9460. Hyundai's number for this recall is 302. Vehicle Identification Numbers (VINs) involved in this recall became searchable on NHTSA.gov on May 20, 2026.",,2025,HYUNDAI,TUCSON,HYUNDAI,TUCSON,2025,2026-05-19
Hyundai Motor America,26V400000,False,False,False,,24/06/2026,ELECTRICAL SYSTEM: INSTRUMENT CLUSTER/PANEL,"Hyundai Motor America (Hyundai) is recalling certain 2025-2026 Tucson, Tucson Hybrid, Tucson Plug-In Hybrid Electric (PHEV) vehicles. Due to a software error, the instrument panel display may fail. As such, these vehicles fail to comply with the requirements of Federal Motor Vehicle Safety Standard (FMVSS) number 101, ""Controls and Displays.""","An instrument panel display that fails to show critical safety information, such as the speedometer or warning lights, increases the risk of a crash.","The instrument panel display software will be updated over-the-air (OTA) or by a dealer, free of charge. Owner notification letters are expected to be mailed August 22, 2026. Owners may contact Hyundai's customer service at 855-371-9460. Hyundai's number for this recall is 304. Vehicle Identification Numbers (VINs) involved in this recall became searchable on NHTSA.gov on June 25, 2026.",,2025,HYUNDAI,TUCSON,HYUNDAI,TUCSON,2025,2026-06-24
