발표일,출처파일,제조사,차종_원문,대수,원인,증상,시정시작일,sw관련,_raw
2024-12-18,241218조간_기아·현대_등_자발적_시정조치자동차정책과,기아,K7,137553,,,,True,"① (기아) K7 137,553대는 전자제어유압장치(HECU) 내구성 부족에 따른
화재 발생 가능성으로 12월 16일부터 시정조치를 진행하고 있고, 쏘렌토
하이브리드 등 2개 차종 100,023대는 주간주행등이 정상 작동하지 않는
안전기준 부적합으로 12월 18일부터 시정조치에 들어간다."
2024-12-18,241218조간_기아·현대_등_자발적_시정조치자동차정책과,현대,넥쏘,36122,,,,False,"② (현대) 넥쏘 등 4개 차종 36,122대는 온도 감응식 압력해제 밸브* 제조
불량에 따른 화재 발생 가능성으로 12월 20일부터 시정조치에 들어가고,
아이오닉5 2,517대는 주간주행등이 정상 작동하지 않는 안전기준 부적합
으로 12월 24일부터 시정조치에 들어간다.
* 온도 감응식 압력해제 밸브 : 차량 화재시 수소탱크 내 수소를 배출하는 부품"
2024-12-18,241218조간_기아·현대_등_자발적_시정조치자동차정책과,,,31057,,,,True,"③ (한국지엠, 지엠아시아퍼시픽) 트랙스 크로스오버 등 13개 차종
31,057대는 연료펌프 컨트롤 모듈 내구성 부족에 따라 시동이 꺼질
가능성으로 12월 23일부터 시정조치에 들어간다."
2024-12-18,241218조간_기아·현대_등_자발적_시정조치자동차정책과,혼다,PILOT 245,245,,연료 주입 시 연료 누출,,True,"④ (혼다) PILOT 245대는 연료탱크 파이프와 연료 주입구의 체결 불량에
따른 연료 누출 가능성으로 12월 20일부터 시정조치에 들어간다.
□ 한편, 내 차의 리콜 대상 여부와 구체적인 결함 사항은 자동차리콜센터
(PC www.car.go.kr, 모바일 m.car.go.kr / 문의처 080-357-2500)에서
차량번호 및 차대번호를 입력하고 확인할 수 있다.
- 1 -

담당 부서 모빌리티자동차국 책임자 과 장 김은정(044-201-3817)
자동차정책과 사무관 정미정(044-201-3843)
담당자
자동차안전팀 사무관 송"
2025-08-07,2500807석간 벤츠·현대 등 자발적 시정조치자동차정책과,벤츠,E 350 4MATIC 차종,16957,고전압배터리 관리시스템 소프트웨어 오류,시동이 꺼질,,True,"① (벤츠) E 350 4MATIC 차종 16,957대는 엔진제어장치 소프트웨어
오류로 인해 시동이 꺼질 가능성으로, EQE 350 4MATIC 등 5개 차종
523대는 고전압배터리 관리시스템 소프트웨어 오류로 인해 시동이 꺼질
가능성으로 각각 7월 25일부터 시정조치를 진행하고 있다."
2025-08-07,2500807석간 벤츠·현대 등 자발적 시정조치자동차정책과,현대,쏠라티,5974,휠 고정용 너트 체결 불량,인해 주행 중 너트 풀림 및 휠 이탈 발생,,False,"② (현대) 쏠라티 등 2개 차종 5,974대는 휠 고정용 너트 체결 불량으로
인해 주행 중 너트 풀림 및 휠 이탈 발생 가능성으로 7월 31일부터 시정
조치를 진행하고 있다."
2025-08-07,2500807석간 벤츠·현대 등 자발적 시정조치자동차정책과,만트럭,TGM 카고,643,,,,False,"③ (만트럭) TGM 카고 등 11개 차종 643대는 방향지시등 작동 후 주간
주행등이 정상 작동되지 않는 안전기준 부적합으로 8월 11일부터 시정
조치에 들어간다."
2025-08-07,2500807석간 벤츠·현대 등 자발적 시정조치자동차정책과,르노,SM6,458,진공펌프* 제조 불량,,,False,"④ (르노) SM6 등 2개 차종 458대는 진공펌프* 제조 불량으로 인해 제동
거리가 길어질 가능성으로 8월 11일부터 시정조치에 들어간다.
* 작은 힘으로도 자동차를 제동할 수 있도록 도와주는 장치
□ 한편, 내 차의 리콜 대상 여부와 구체적인 결함 사항은 자동차리콜센터
(PC www.car.go.kr, 모바일 m.car.go.kr / 문의처 080-357-2500)에서
차량번호 및 차대번호를 입력하고 확인할 수 있다.
- 1 -

담당 부서 모빌리티자동차국 책임자 과 장 박용선(044-201-3817)
자동차정책과 사무관 박정"
2025-09-10,2500910석간 현대·포드 등 자발적 시정조치자동차정책과,현대,팰리세이드,27656,,,,False,"① (현대) 팰리세이드 등 2개 차종 27,656대는 보닛 잠금장치 강건성 부족
으로 9월 16일부터 시정조치에 들어간다."
2025-09-10,2500910석간 현대·포드 등 자발적 시정조치자동차정책과,포드,익스플로러,5984,,,,False,"② (포드) 익스플로러 등 2개 차종 5,984대는 안전벨트 버클 고정 볼트 조립
불량으로 9월 5일부터 시정조치를 진행하고 있다."
2025-09-10,2500910석간 현대·포드 등 자발적 시정조치자동차정책과,디앤에이모터스,UHR125,5512,,,,True,"③ (디앤에이모터스) UHR125 5,512대는 동력장치 내 교류발전기 홀센서*
제조 불량으로 9월 10일부터 시정조치에 들어간다.
* 엔진의 크랭크샤프트 회전 위치 정보를 엔진제어장치(ECU)에 전달하는 장치"
2025-09-10,2500910석간 현대·포드 등 자발적 시정조치자동차정책과,벤츠,GLC 300 4MATIC,904,,,,False,"④ (벤츠) GLC 300 4MATIC 등 10개 차종 904대는 조향장치 부품 체결
불량으로 9월 12일부터 시정조치에 들어간다."
2025-09-10,2500910석간 현대·포드 등 자발적 시정조치자동차정책과,스텔란티스,짚랭글러 차종 324,324,,주행 중 보닛이 열릴,,False,"⑤ (스텔란티스) 짚랭글러 차종 324대는 원격 시동 안테나*** 케이블 조립
불량으로 9월 5일부터 시정조치를 진행하고 있다.
* 원격 시동, 타이어 압력 모니터링 등 여러 무선 신호를 전달하는 장치
□ 한편, 내 차의 리콜 대상 여부와 구체적인 결함 사항은 자동차리콜센터
(PC www.car.go.kr, 모바일 m.car.go.kr / 문의처 080-357-2500)에서
차량번호 및 차대번호를 입력하고 확인할 수 있다.
- 1 -

담당 부서 모빌리티자동차국 책임자 과 장 박용선(044-201-3817)
자동차정책과 사무관 송주"
2025-09-24,2500924석간 현대·기아 등 자발적 시정조치자동차정책과,현대,포터2,60934,엔진 구동벨트* 장력 조절장치의 설계 오류,구동벨트가 이탈되어 조향장치가 정상 작동하지 않을,,False,"① (현대) 포터2 60,934대는 엔진 구동벨트* 장력 조절장치의 설계 오류로
인해 구동벨트가 이탈되어 조향장치가 정상 작동하지 않을 가능성으로
9월 25일부터 시정조치에 들어간다.
* 엔진의 동력을 전달하여 조향장치 등 다른 장치의 작동을 도와주는 부품"
2025-09-24,2500924석간 현대·기아 등 자발적 시정조치자동차정책과,기아,봉고3,33990,엔진 구동벨트 장력 조절장치의 설계 오류,구동벨트가 이탈되어 조향장치의 정상 작동하지 않을,,False,"② (기아) 봉고3 33,990대는 엔진 구동벨트 장력 조절장치의 설계 오류로 인해
구동벨트가 이탈되어 조향장치의 정상 작동하지 않을 가능성으로 9월
25일부터 시정조치에 들어간다."
2025-09-24,2500924석간 현대·기아 등 자발적 시정조치자동차정책과,르노,XM3,8562,연료공급 펌프 소프트웨어 오류,주행 중 시동이 꺼질,,True,"③ (르노) XM3 등 2개 차종 8,562대는 연료공급 펌프 소프트웨어 오류로
인해 주행 중 시동이 꺼질 가능성으로 9월 25일부터 시정조치에 들어간다."
2025-09-24,2500924석간 현대·기아 등 자발적 시정조치자동차정책과,포드,MKX,2680,후방 보조제동등 커버 접착 불량,,,False,"④ (포드) MKX 2,680대는 후방 보조제동등 커버 접착 불량으로 인해 주행 중
커버가 분리될 가능성으로 9월 30일부터 시정조치에 들어간다."
2025-09-24,2500924석간 현대·기아 등 자발적 시정조치자동차정책과,볼보,FH트랙터,1581,가변축* 제어 소프트웨어 오류,주행 중 커버가 분리될,,True,"⑤ (볼보) FH트랙터 등 3개 차종 1,581대는 가변축* 제어 소프트웨어 오류로
인해 가변축 조종장치가 오작동하는 기준 부적합으로 9월 19일부터 시정
조치를 진행하고 있다.
* 적재물 하중 증가 시, 차량 하중을 고르게 배분하기 위해 상하로 움직이는 차축
- 1 -

□ 한편, 내 차의 리콜 대상 여부와 구체적인 결함 사항은 자동차리콜센터
(PC www.car.go.kr, 모바일 m.car.go.kr / 문의처 080-357-2500)에서
차량번호 및 차대번호를 입력하고 확인할 수 있다.
담당 부서 모빌리티자동차국 책임자 과 "
2025-10-15,2501015석간현대_케이지모빌리티_등_자발적_시정조치자동차정책과,현대,아이오닉6,24705,충전도어 커버,,,False,"① (현대) 아이오닉6 24,705대는 충전도어 커버 설계 미흡으로 인해 주행
중 커버가 이탈될 가능성으로 10월 24일부터 시정조치에 들어가고,
GV60 10,617대는 앞 창유리 상단부 몰딩* 제조 불량으로 인해 주행
중 몰딩이 이탈될 가능성으로 10월 22일부터 시정조치에 들어간다.
* 자동차 외관의 미관 향상 및 손상 방지를 위한 띠 모양의 부품"
2025-10-15,2501015석간현대_케이지모빌리티_등_자발적_시정조치자동차정책과,케이지모빌리티,무쏘EV,6580,,주행 중 시동이 꺼질,,False,"② (케이지모빌리티) 무쏘EV 6,580대는 고전압 시스템 제어장치* 설계
오류로 인해 주행 중 시동이 꺼질 가능성으로 10월 15일부터 시정조치를
진행하고 있다.
* 고전압을 사용하는 부품들의 상태를 확인하고, 안전한 상태로 유지해주는 장치"
2025-10-15,2501015석간현대_케이지모빌리티_등_자발적_시정조치자동차정책과,스텔란티스,짚그랜드체로키(하이브리드) 486,486,,주행 중 구동력을 상실할,,False,"③ (스텔란티스) 짚그랜드체로키(하이브리드) 486대는 전기구동 제어장치* 설계
오류로 인해 주행 중 구동력을 상실할 가능성으로 10월 15일부터 시정
조치를 진행하고 있다.
* 자동차의 모터 구동, 고전압배터리 상태 등을 제어하는 장치
□ 한편, 내 차의 리콜 대상 여부와 구체적인 결함 사항은 자동차리콜센터
(PC www.car.go.kr, 모바일 m.car.go.kr / 문의처 080-357-2500)에서
차량번호 및 차대번호를 입력하고 확인할 수 있다.
- 1 -

책임자 과 장 박용선(044-201-3817)
담당 부서 모빌"
2025-10-30,2501030석간 현대·기아 등 자발적 시정조치리콜자동차정책과_,현대,포터Ⅱ Electric,85355,배터리관리시스템(BMS) 소프트웨어,인해 화재가 발생할,,True,"① (현대) 포터Ⅱ Electric 85,355대는 배터리관리시스템(BMS) 소프트웨어
설계 미흡으로 인해 화재가 발생할 가능성으로 10월 30일부터 시정조치에
들어가고, 투싼 등 2개 차종 16,204대는 연료필터 성분에 대한 설계 오류로
인해 시동이 꺼질 가능성으로 10월 29일부터 시정조치를 진행하고 있다."
2025-10-30,2501030석간 현대·기아 등 자발적 시정조치리콜자동차정책과_,기아,봉고Ⅲ EV,54532,배터리관리시스템(BMS) 소프트웨어,인해 화재가 발생할,,True,"② (기아) 봉고Ⅲ EV 54,532대는 배터리관리시스템(BMS) 소프트웨어 설계
미흡으로 인해 화재가 발생할 가능성으로 10월 30일부터 시정조치에 들어
가고, 셀토스 등 2개 차종 29,680대는 연료필터 성분에 대한 설계 오류로
인해 시동이 꺼질 가능성으로 10월 29일부터 시정조치를 진행하고 있다."
2025-10-30,2501030석간 현대·기아 등 자발적 시정조치리콜자동차정책과_,비엠더블유,BMW 520d,71010,,인해 시동이 걸리지 않거나 화재가 발생할,,False,"③ (비엠더블유) BMW 520d 등 50개 차종 71,010대는 시동모터 내 수분
유입으로 인해 시동이 걸리지 않거나 화재가 발생할 가능성으로 10월
24일부터 시정조치를 진행하고 있다."
2025-10-30,2501030석간 현대·기아 등 자발적 시정조치리콜자동차정책과_,스텔란티스,짚그랜드체로키,3403,엔진 작동 감지 부품 제조 불량,인해 주행 중 구동력을 상실할,,True,"④ (스텔란티스) 짚그랜드체로키 3,403대는 엔진 작동 감지 부품 제조 불량
으로 인해 주행 중 구동력을 상실할 가능성으로 10월 30일부터 시정조치에
들어간다.
□ 한편, 내 차의 리콜 대상 여부와 구체적인 결함 사항은 자동차리콜센터
(PC www.car.go.kr, 모바일 m.car.go.kr / 문의처 080-357-2500)에서
차량번호 및 차대번호를 입력하고 확인할 수 있다.
- 1 -

책임자 과 장 박용선(044-201-3817)
담당 부서 모빌리티자동차국
자동차정책과
담당자 서기관 송주화(044-201-3919)
자"
2025-01-23,250123석간 현대·기아 등 자발적 시정조치자동차정책과,현대,포터Ⅱ EV 등 2개 차종,141125,,,,False,"① (현대) 포터Ⅱ EV 등 2개 차종 141,125대는 12V 배터리 센서 설계 오류로
2월 3일부터, 넥쏘 19,830대는 비상점멸표시등 스위치 내구성 부족으로
1월 23일부터 시정조치에 들어간다."
2025-01-23,250123석간 현대·기아 등 자발적 시정조치자동차정책과,기아,쏘렌토 하이브리드,89598,,,,True,"② (기아) 쏘렌토 하이브리드 등 2개 차종 89,598대는 바디도메인 제어장치*
소프트웨어 오류로 1월 24일부터, 봉고Ⅲ EV 등 2개 차종 86,204대는
12V 배터리 센서 설계 오류로 1월 31일부터 시정조치에 들어간다.
* 전조등, 타이어 공기압 모니터링 시스템, 스마트키 시스템 등 차량 일부 기능을 관리
하는 통합제어장치"
2025-01-23,250123석간 현대·기아 등 자발적 시정조치자동차정책과,벤츠,S 580 4MATIC,4068,,,,False,"③ (벤츠) S 580 4MATIC 등 2개 차종 4,068대는 엔진 컨트롤 유닛 소프트
웨어 오류로 1월 16일부터 시정조치를 진행하고 있다."
2025-01-23,250123석간 현대·기아 등 자발적 시정조치자동차정책과,테슬라,모델Y,2425,,,,True,"④ (테슬라) 모델Y 등 2개 차종 2,425대는 타이어 공기압 모니터링 시스템
소프트웨어 오류로 인해 타이어 공기압 경고 장치가 정상 작동되지
않는 안전기준 부적합으로 1월 14일부터 시정조치를 진행하고 있다.
□ 한편, 내 차의 리콜 대상 여부와 구체적인 결함 사항은 자동차리콜센터
(PC www.car.go.kr, 모바일 m.car.go.kr / 문의처 080-357-2500)에서
차량번호 및 차대번호를 입력하고 확인할 수 있다.
- 1 -

담당 부서 모빌리티자동차국 책임자 과 장 김은정(044-201-3817)
자동차정책과 "
2025-02-19,250219석간 기아·비엠더블유 등 자발적 시정조치자동차정책과,기아,니로,35571,,,,False,"① (기아) 니로 등 2개 차종 35,571대는 동승석 하부 전기배선 설계 오류로
동승석 에어백이 미전개되거나 미전개 조건에서 비정상 전개되는 등
탑승자의 상해 발생 가능성으로 2월 26일부터 시정조치에 들어간다."
2025-02-19,250219석간 기아·비엠더블유 등 자발적 시정조치자동차정책과,비엠더블유,BMW 528i,24371,,인한 화재 발생,,False,"② (비엠더블유) BMW 528i 등 28개 차종 24,371대는 냉각수 펌프 배선
커넥터 내 수분 유입에 따른 단락으로 인한 화재 발생 가능성으로 2월
20일부터 시정조치에 들어간다."
2025-02-19,250219석간 기아·비엠더블유 등 자발적 시정조치자동차정책과,르노,ARKANA 하이브리드,8056,,,,True,"③ (르노) ARKANA 하이브리드 등 2개 차종 8,056대는 하이브리드 시스템
제어장치* 및 변압기 소프트웨어 오류에 따른 저속 운행 중 차량 동력
상실로 인한 사고 발생 가능성으로 2월 20일부터 시정조치에 들어간다.
* 엔진 및 전기 구동모터의 작동을 제어하는 장치"
2025-02-19,250219석간 기아·비엠더블유 등 자발적 시정조치자동차정책과,테슬라,모델 Y,7781,,,,False,"④ (테슬라) 모델 Y 7,781대는 전자식 파워 어시스트 스티어링(EPAS)* 소프트
웨어 오류에 따른 조향 보조 기능 저하 또는 상실로 인한 사고 발생 가능성
으로 2월 21일부터 시정조치에 들어간다.
* 전자식 모터를 통해 운전자의 핸들 움직임을 적은 힘으로 작동하도록 도와주는 시스템"
2025-02-19,250219석간 기아·비엠더블유 등 자발적 시정조치자동차정책과,재규어랜드로버,디펜더 110 P300,603,,,,True,"⑤ (재규어랜드로버) 디펜더 110 P300 등 4개 차종 603대는 터치스크린
관련 소프트웨어 오류로 후방카메라 화면이 스크린에 표시되지 않아 차량
후진 시 사고 발생 가능성으로 2월 26일부터 시정조치에 들어간다.
- 1 -

□ 한편, 내 차의 리콜 대상 여부와 구체적인 결함 사항은 자동차리콜센터
(PC www.car.go.kr, 모바일 m.car.go.kr / 문의처 080-357-2500)에서
차량번호 및 차대번호를 입력하고 확인할 수 있다.
담당 부서 모빌리티자동차국 책임자 과 장 김은정(044-201-3817)
자동차정"
2025-03-13,250313석간 벤츠·폭스바겐 등 자발적 시정조치자동차정책과,벤츠,S580 4MATIC,4289,,,,True,"① (벤츠) S580 4MATIC 등 2개 차종 4,289대는 엔진 제어장치 소프트웨어
오류로 인한 화재 발생 가능성으로 3월 7일부터 시정조치를 진행하고 있다."
2025-03-13,250313석간 벤츠·폭스바겐 등 자발적 시정조치자동차정책과,폭스바겐,아우디 Q4 40 e-tron,4226,,,,True,"② (폭스바겐) 아우디 Q4 40 e-tron 등 2개 차종 4,226대는 브레이크 제어
장치 소프트웨어 오류로 인해 기어 위치가 계기판에 정상적으로 표시
되지 않는 안전기준 부적합으로 3월 11일부터 시정조치를 진행하고 있다."
2025-03-13,250313석간 벤츠·폭스바겐 등 자발적 시정조치자동차정책과,토요타,시에나 하이브리드,2722,,인한 시동꺼짐,,False,"③ (토요타) 시에나 하이브리드 등 2개 차종 2,722대는 3열 좌석 등받이
고정볼트 체결 불량에 따른 안전기준 부적합으로 3월 17일부터 시정
조치에 들어가고, 캠리 등 3개 차종 1,168대는 연료펌프 부속품 제조 불량
으로 인한 시동꺼짐 가능성으로 3월 6일부터 시정조치를 진행하고 있다."
2025-03-13,250313석간 벤츠·폭스바겐 등 자발적 시정조치자동차정책과,스텔란티스,크라이슬러 300C,1731,,인한 시동 꺼짐,,False,"④ (스텔란티스) 크라이슬러 300C 1,731대는 고압 연료펌프 부속품 내구성
부족으로 인한 시동 꺼짐 가능성으로 3월 10일부터 시정조치를 진행
하고 있다."
2025-03-13,250313석간 벤츠·폭스바겐 등 자발적 시정조치자동차정책과,포드,노틸러스,1535,,,,True,"⑤ (포드) 노틸러스 1,535대는 차문 제어장치 소프트웨어 오류로 측면
창유리 끼임 방지 기능이 정상 작동하지 않는 안전기준 부적합으로 3월
11일부터 시정조치를 진행하고 있다.
□ 한편, 내 차의 리콜 대상 여부와 구체적인 결함 사항은 자동차리콜센터
(PC www.car.go.kr, 모바일 m.car.go.kr / 문의처 080-357-2500)에서
차량번호 및 차대번호를 입력하고 확인할 수 있다.
- 1 -

담당 부서 모빌리티자동차국 책임자 과 장 김은정(044-201-3817)
자동차정책과 사무관 박정근(044-201-49"
2025-04-10,250410석간 볼보ㆍ벤츠 등 자발적 시정조치자동차정책과,볼보,XC60,95573,,기록되지 않을,,True,"① (볼보) XC60 등 8개 차종 95,573대는 사고기록장치 소프트웨어 오류로
운행 정보가 정상적으로 기록되지 않을 가능성으로 4월 21일부터, XC60 등
3개 차종 1,560대는 구동축전지 제조 불량에 따른 화재 발생 가능성으로
4월 11일부터 각각 시정조치를 진행한다."
2025-04-10,250410석간 볼보ㆍ벤츠 등 자발적 시정조치자동차정책과,벤츠,S 580 4MATIC,17285,,,,False,"② (벤츠) S 580 4MATIC 등 9개 차종 17,285대는 브레이크 호스 내구성
부족에 따른 브레이크 오일 누출 가능성으로 4월 11일부터 시정조치를
진행한다."
2025-04-10,250410석간 볼보ㆍ벤츠 등 자발적 시정조치자동차정책과,만트럭,TGX트랙터,1515,,임의 변경될,,True,"③ (만트럭) TGX트랙터 등 24개 차종 1,515대는 중앙차량제어장치*에서
과부하가 발생함에 따라 기어가 D단에서 N단으로 임의 변경될 가능성으로
4월 1일부터 시정조치를 진행하고 있다.
* 차량에 장착된 모든 전자제어장치를 모니터링하고 제어하는 장치"
2025-04-10,250410석간 볼보ㆍ벤츠 등 자발적 시정조치자동차정책과,재규어랜드로버,더 뉴 레인지로버 P530 LWB,1401,,,,False,"④ (재규어랜드로버) 더 뉴 레인지로버 P530 LWB 등 4개 차종 1,401대는
후방카메라 내부로 수분이 유입됨에 따라 후방영상이 정상적으로 표시
되지 않을 가능성으로 4월 14일부터 시정조치를 진행한다."
2025-04-10,250410석간 볼보ㆍ벤츠 등 자발적 시정조치자동차정책과,한국닛산,PATHFINDER 591,591,,,,False,"⑤ (한국닛산) PATHFINDER 591대는 후드걸쇠장치*가 부식으로 고착되어
주행 중 후드가 경고 없이 개방될 가능성으로 4월 1일부터 시정조치를
진행하고 있다.
* 자동차 전면부의 후드(보닛) 수동개폐장치
- 1 -

□ 한편, 내 차의 리콜 대상 여부와 구체적인 결함 사항은 자동차리콜센터
(PC www.car.go.kr, 모바일 m.car.go.kr / 문의처 080-357-2500)에서
차량번호 및 차대번호를 입력하고 확인할 수 있다.
담당 부서 모빌리티자동차국 책임자 과 장 김은정(044-201-3817)
자동차정책과
담"
2025-05-21,250521석간 기아·비엠더블유 등 자발적 시정조치자동차정책과 자동차안전팀,기아,셀토스,12949,고압파이프 제조 불량,고압파이프와 주변 부품의 연결부에서 연료가 누유되어 화재가 발생할,,False,"① (기아) 셀토스 등 2개 차종 12,949대는 고압파이프 제조 불량으로 인해
고압파이프와 주변 부품의 연결부에서 연료가 누유되어 화재가 발생할
가능성으로 5월 28일부터 시정조치를 진행한다."
2025-05-21,250521석간 기아·비엠더블유 등 자발적 시정조치자동차정책과 자동차안전팀,비엠더블유,BMW 520i,2213,,,,False,"② (비엠더블유) BMW 520i 등 11개 차종 2,213대는 48V 스타터 발전기의
배터리 배선 연결부 부품(슬리브) 장착 불량으로 인해 배터리 충전 불가,
시동꺼짐 및 화재 발생 가능성으로, BMW X3 20 xDrive 등 2개 차종
25대는 48V 스타터 발전기와 배터리 배선 간 연결볼트 체결 불량에 따른
시동꺼짐 및 화재 발생 가능성으로 각각 5월 16일부터 시정조치를 진행하고 있다."
2025-05-21,250521석간 기아·비엠더블유 등 자발적 시정조치자동차정책과 자동차안전팀,현대,일렉시티 수소전기버스,1390,,,,False,"③ (현대) 일렉시티 수소전기버스 1,390대는 수소 배출구 보호마개 설계
미흡에 따른 수분 유입 및 빙결로 인해 압력 해제 밸브의 정상작동이
불가하여 과압 발생 시 중압배관 연결부 이탈로 인한 수소 누출 가능성으로
5월 22일부터 시정조치를 진행한다.
□ 한편, 내 차의 리콜 대상 여부와 구체적인 결함 사항은 자동차리콜센터
(PC www.car.go.kr, 모바일 m.car.go.kr / 문의처 080-357-2500)에서
차량번호 및 차대번호를 입력하고 확인할 수 있다.
담당 부서 모빌리티자동차국 책임자 과 장 박용선(044-2"
2025-06-25,250625석간 재규어랜드로버·현대 등 자발적 시정조치자동차정책과_,재규어랜드로버,디스커버리4 3.0D 등 12개 차종,10878,,,,False,"① (재규어랜드로버) 디스커버리4 3.0D 등 12개 차종 10,878대는 피견인
차량 연결장치의 내구성 부족으로 인해 운행 중 연결장치와 피견인 차량이
분리될 가능성이 있어 7월 4일부터 시정조치에 들어간다."
2025-06-25,250625석간 재규어랜드로버·현대 등 자발적 시정조치자동차정책과_,현대,아반떼,2555,주차 브레이크 부속품 설계 오류,승객이 상해를 입을,,False,"② (현대) 아반떼 등 2개 차종 2,555대는 운전석 에어백 전개 시 과도한
내부 압력 증가로 인한 인플레이터*의 파손으로 승객이 상해를 입을
가능성이 있어 6월 10일부터 시정조치를 진행하고 있고, 카운티 일렉
트릭 629대는 주차 브레이크 부속품 설계 오류로 인해 경사로 주차 시
차량 밀림이 발생할 가능성이 있어 6월 19일부터 시정조치를 진행하고 있다.
* 에어백 전개에 필요한 가스를 발생시키는 장치"
2025-06-25,250625석간 재규어랜드로버·현대 등 자발적 시정조치자동차정책과_,지에스글로벌,NEW BYD eBus-12,344,,,,False,"③ (지에스글로벌) NEW BYD eBus-12 등 3개 차종 344대는 고전압배터리
트레이* 고정부의 내구성 부족으로 주행 진동에 따라 고정력이 저하되어
배터리셀이 트레이와 접촉하여 절연 불량 또는 화재 발생 가능성으로
6월 12일부터 시정조치를 진행하고 있다.
* 배터리셀을 고정하고, 충격 등으로부터 배터리셀을 보호하는 구조물"
2025-06-25,250625석간 재규어랜드로버·현대 등 자발적 시정조치자동차정책과_,지엠아시아퍼시픽,리릭 302,302,,계기판 및 디스플레이가 꺼질,,True,"④ (지엠아시아퍼시픽) 리릭 302대는 인포테인먼트 제어장치 소프트웨어
오류로 인해 계기판 및 디스플레이가 꺼질 가능성이 있어 6월 27일부터
시정조치에 들어간다.
- 1 -

□ 한편, 내 차의 리콜 대상 여부와 구체적인 결함 사항은 자동차리콜센터
(PC www.car.go.kr, 모바일 m.car.go.kr / 문의처 080-357-2500)에서
차량번호 및 차대번호를 입력하고 확인할 수 있다.
담당 부서 모빌리티자동차국 책임자 과 장 박용선(044-201-3817)
자동차정책과
담당자 사무관 박정근(044-201-4996)
자"
2026-01-15,260115석간 현대·기아 등 자발적 시정조치리콜자동차정책과,현대,현대자동차 아반떼,130283,,,,False,"① (현대) 현대자동차 아반떼 등 2개 차종 130,283대는 무단변속기 부품
내부로 이물질이 유입되어 구동력이 전달되지 않을 가능성으로 1월 19일
부터 시정조치를 진행한다."
2026-01-15,260115석간 현대·기아 등 자발적 시정조치리콜자동차정책과,기아,기아 K3,113793,바디 제어장치 소프트웨어 설계 오류,,,True,"② (기아) 기아 K3 113,793대, 무단변속기 부품 내부로 이물질이 유입되어
구동력이 전달되지 않을 가능성으로 1월 15일부터 시정조치를 진행하고,
스포티지 등 2개 차종 3,895대는 바디 제어장치 소프트웨어 설계 오류로
인해 주차거리경고 기능이 작동하지 않는 안전기준 부적합으로 1월
14일부터 시정조치를 진행한다."
2026-01-15,260115석간 현대·기아 등 자발적 시정조치리콜자동차정책과,벤츠,벤츠 E200,56208,,운행중 계기판이 꺼질,,True,"③ (벤츠) 벤츠 E200 등 24개 차종 56,208대는 인포테인멘트 제어장치
소프트웨어 오류로 인해 운행중 계기판이 꺼질 가능성으로 1월 12일부터
시정조치를 진행하고 있다."
2026-01-15,260115석간 현대·기아 등 자발적 시정조치리콜자동차정책과,포르쉐,포르쉐 카이엔,39894,차량의 전자기 간섭,인해 서라운드 뷰 카메라가 작동하지 않을,,True,"④ (포르쉐) 포르쉐 카이엔 등 45개 차종 39,894대는 차량의 전자기 간섭
으로 인해 서라운드 뷰 카메라가 작동하지 않을 가능성으로 1월 26일
부터 시정조치를 진행할 예정이다.
□ 한편, 내 차의 리콜 대상 여부와 구체적인 결함 사항은 자동차리콜센터
(PC www.car.go.kr, 모바일 m.car.go.kr / 문의처 080-357-2500)에서
차량번호 및 차대번호를 입력하고 확인할 수 있다.
- 1 -

담당 부서 모빌리티자동차국 책임자 과 장 박용선(044-201-3817)
자동차정책과 서기관 송주화(044-201-"
2026-01-29,260129석간 볼보 GS글로벌 등 자발적 시정조치자동차정책과,볼보,XC60,50434,,,,False,"① (볼보) XC60 등 7개 차종 50,434대는 비상자동제동장치 센서의 한계로
의도치 않은 자동 긴급 제동이 발생할 가능성으로 1월 26일부터 시정
조치를 진행하고 있다."
2026-01-29,260129석간 볼보 GS글로벌 등 자발적 시정조치자동차정책과,GS글로벌,T4K,1692,차량 제어장치 소프트웨어 오류,주차(P)단으로 변속 시 전자식 주차브레이크가 작동하지 않을,,True,"② (GS글로벌) T4K 1,692대는 차량 제어장치 소프트웨어 오류로 인해
주차(P)단으로 변속 시 전자식 주차브레이크가 작동하지 않을 가능성
으로 1월 29일부터 시정조치를 진행한다."
2026-01-29,260129석간 볼보 GS글로벌 등 자발적 시정조치자동차정책과,재규어랜드로버,레인지로버 이보크,1416,,인해 후방 카메라가 정상 작동하지 않을,,True,"③ (재규어랜드로버) 레인지로버 이보크 1,416대는 조수석 에어백 조립 불
량으로 인해 에어백 전개 시 에어백이 손상되어 탑승자가 상해를 입
을 가능성으로 1월 23일부터 시정조치를 진행하고 있다.
➃ (포드) 머스탱 1,489대는 차체 제어장치 수분 유입으로 차폭등, 후미
등 및 번호등이 정상 작동되지 않는 안전기준 부적합으로 1월 26일
부터 시정조치를 진행하고 있고, 익스페디션 147대는 후방 카메라
내구성 부족으로 인해 후방 카메라가 정상 작동하지 않을 가능성으로
1월 26일부터 시정조치를 진행하고 있다.
□ 한편, 내 차"
2026-02-11,260211석간 현대·기아 등 자발적 시정조치자동차정책과,현대,포터Ⅱ 일렉트릭,36603,,제동 성능이 저하될,,True,"① (현대) 포터Ⅱ 일렉트릭 36,603대는 전동식 진공펌프 소프트웨어 오류로
인한 진공펌프 작동 불량으로 제동 성능이 저하될 가능성으로 2월 12일
부터 시정조치에 들어가고, 그랜저 등 20차종 39,148대는 계기판 제어
소프트웨어 오류로 인해 계기판 꺼짐이 발생하는 안전기준 부적합으로
2월 11일부터 시정조치를 진행한다."
2026-02-11,260211석간 현대·기아 등 자발적 시정조치자동차정책과,기아,봉고Ⅲ EV,25078,,제동 성능이 저하될,,True,"② (기아) 봉고Ⅲ EV 25,078대는 전동식 진공펌프 소프트웨어 오류로 인한
진공펌프 작동 불량으로 제동 성능이 저하될 가능성으로 2월 24일부터
시정조치에 들어가고, K8 등 16차종 69,137대는 계기판 제어 소프트웨어
오류로 인해 계기판 꺼짐이 발생하는 안전기준 부적합으로 2월 11일부터
시정조치를 진행한다."
2026-02-11,260211석간 현대·기아 등 자발적 시정조치자동차정책과,비엠더블유,i5 eDrive40,9914,,고전압시스템이 차단되어 시동이 꺼질,,True,"③ (비엠더블유) i5 eDrive40 등 13개 차종 9,914대는 에어컨 컴프레셔
제어장치 소프트웨어 오류로 인해 고전압시스템이 차단되어 시동이 꺼질
가능성으로 2월 4일부터 시정조치를 진행하고 있다.
□ 한편, 내 차의 리콜 대상 여부와 구체적인 결함 사항은 자동차리콜센터
(PC www.car.go.kr, 모바일 m.car.go.kr / 문의처 080-357-2500)에서
차량번호 또는 차대번호를 입력하고 확인할 수 있다.
- 1 -

담당 부서 모빌리티자동차국 책임자 과 장 박용선(044-201-3817)
자동차정책과 서기관"
2026-02-26,260226조간 현대·기아 등 자발적 시정조치자동차정책과,현대,코나 전기차,37690,배터리관리시스템 소프트웨어,,,True,"① (현대) 코나 전기차 등 4개 차종 37,690대는 배터리관리시스템 소프트웨어
설계 미흡으로 고전압배터리 문제 발생 시 사전에 감지하지 못해 고전압
배터리에서 화재가 발생할 가능성으로 2월 27일부터 시정조치에 들어간다."
2026-02-26,260226조간 현대·기아 등 자발적 시정조치자동차정책과,기아,니로 전기차,1590,,,,True,"② (기아) 니로 전기차 1,590대는 배터리관리시스템 소프트웨어 설계 미흡
으로 고전압배터리 문제 발생 시 사전에 감지하지 못해 고전압배터리
에서 화재가 발생할 가능성으로 2월 27일부터 시정조치에 들어간다."
2026-02-26,260226조간 현대·기아 등 자발적 시정조치자동차정책과,비엠더블유,520i,67878,,인한 화재 발생,,True,"③ (비엠더블유) 520i 등 32개 차종 67,878대는 스타터 모터 내부 부품
단락으로 인한 화재 발생 가능성으로 3월 4일부터 시정조치에 들어간다.
□ 한편, 내 차의 리콜 대상 여부와 구체적인 결함 사항은 자동차리콜센터
(PC www.car.go.kr, 모바일 m.car.go.kr / 문의처 080-357-2500)에서
차량번호 또는 차대번호를 입력하고 확인할 수 있다.
담당 부서 모빌리티자동차국 책임자 과 장 박용선(044-201-3817)
자동차정책과 서기관 송주화(044-201-3919)
담당자
자동차안전팀 시설사무관 "
2026-03-24,260324석간 현대 팰리세이드 전동시트 관련 결함 등에 대한 자발적 시정조치자동차정책과,현대,팰리세이드 전동시트 관련 결함,408942,"2열, 3열 전동시트 제어기 소프트웨어","시정조치(리콜)한다고 밝혔다. □ 우선, 최근 발생한 전동시트 관련 사고와 관련하여 현대자동차㈜는 팰리 세이드 등 2개 차종 57,987대의 2열, 3열 전동시트 제어기 소프트웨어 설계 미흡으로 인해 탑승자나 사물과의 접촉을 감지하지 못해 안전에 지장을 줄",2026-03-20,True,"보도자료 보도시점 : 2026. 3. 24.(화) 06:00 이후(3. 24.(화) 석간) / 배포 : 2026. 3. 23.(월) 현대 팰리세이드 전동시트 관련 결함 등에 대한 자발적 시정조치(리콜) - 총 4개사 24개 차종 408,942대 자발적 시정조치 - 자동차리콜센터(www.car.go.kr)에서 리콜대상 여부 확인 가능 □ 국토교통부(장관 김윤덕)는 현대자동차㈜, 기아㈜, 케이지모빌리티㈜, 비엠 더블유코리아㈜에서 제작·수입·판매한 24개 차종 408,942대에서 제작 결함이 발견되어 자발적으로 시정조치(리콜)한다고 밝혔"
2026-03-24,260324석간 현대 팰리세이드 전동시트 관련 결함 등에 대한 자발적 시정조치자동차정책과,기아,카니발,201841,저압연료라인,,,False,"① (기아) 카니발 201,841대는 저압연료라인 설계 미흡으로 인해 연료가
누유되어 주행중 시동꺼짐 및 화재가 발생할 가능성으로 3월 25일부터
시정조치에 들어간다."
2026-03-24,260324석간 현대 팰리세이드 전동시트 관련 결함 등에 대한 자발적 시정조치자동차정책과,현대,팰리세이드,41143,3열 좌측 안전띠 버클 배선,,,False,"② (현대) 팰리세이드 등 2개 차종 41,143대는 3열 좌측 안전띠 버클 배선
설계 미흡으로 안전띠가 체결되지 않아도 경고장치가 작동하지 않는 안전
기준 부적합으로 4월 10일부터 시정조치에 들어간다."
2026-03-24,260324석간 현대 팰리세이드 전동시트 관련 결함 등에 대한 자발적 시정조치자동차정책과,케이지모빌리티,토레스,78293,,,,False,"③ (케이지모빌리티) 토레스 등 3개 차종 78,293대는 냉각팬 저항 코일의
열적 부하 및 과열로 화재 발생 가능성으로 3월 16일부터 시정조치를 진행
하고 있다."
2026-03-24,260324석간 현대 팰리세이드 전동시트 관련 결함 등에 대한 자발적 시정조치자동차정책과,비엠더블유,BMW 520i,29678,에어컨 배선,,,True,"④ (비엠더블유) BMW 520i 등 18개 차종 29,678대는 에어컨 배선 설계
미흡으로 에어컨 필터 교체 과정에서 배선이 손상되어 단락이 발생할 경우
이로 인한 화재 발생 가능성으로 3월 24일부터 시정조치에 들어간다.
□ 한편, 내 차의 리콜 대상 여부와 구체적인 결함 사항은 자동차리콜센터
(PC www.car.go.kr, 모바일 m.car.go.kr / 문의처 080-357-2500)에서
차량번호 또는 차대번호를 입력하고 확인할 수 있다.
담당 부서 모빌리티자동차국 책임자 과 장 박용선(044-201-3817)
자동차정책과"
2026-04-22,260422석간_케이지모빌리티·기아_등_자발적_시정조치자동차정책과,케이지모빌리티,토레스,51535,메모리 과부하,계기판 디스플레이가 멈추거나 꺼질,,True,"① (케이지모빌리티) 토레스 등 6개 차종 51,535대는 메모리 과부하로 인해
계기판 디스플레이가 멈추거나 꺼질 가능성으로 4월 20일부터 시정조치를
진행하고 있고, 토레스 EVX 등 2개 차종 18,533대는 소프트웨어 설계
미흡으로 후방추돌경고등 점멸 주기를 만족하지 않는 안전기준 부적합
으로 4월 20일부터 시정조치를 진행하고 있다."
2026-04-22,260422석간_케이지모빌리티·기아_등_자발적_시정조치자동차정책과,기아,레이,220059,엔진제어장치 소프트웨어,,,True,"② (기아) 레이 220,059대는 엔진제어장치 소프트웨어 설계 미흡으로 주행 중
시동꺼짐이 발생할 가능성으로 4월 28일부터 시정조치에 들어간다."
2026-04-22,260422석간_케이지모빌리티·기아_등_자발적_시정조치자동차정책과,토요타,프리우스 2WD,2132,뒷문 외부핸들 회로,주행 중 뒷문이 열릴,,False,"③ (토요타) 프리우스 2WD 등 3개 차종 2,132대는 뒷문 외부핸들 회로 설계
미흡으로 주행 중 뒷문이 열릴 가능성으로 4월 23일부터 시정조치에 들어간다."
2026-04-22,260422석간_케이지모빌리티·기아_등_자발적_시정조치자동차정책과,현대,싼타페,239683,1열 좌석 안전띠 고정 장치,충돌사고 시 승객을 정상적으로 보호하지 못할,,True,"④ (현대) 싼타페 등 4개 차종 239,683대는 1열 좌석 안전띠 고정 장치
설계 미흡으로 충돌사고 시 승객을 정상적으로 보호하지 못할 가능성으로
6월 4일*부터 시정조치에 들어가고,
* 글로벌 리콜(美, 아이오닉6 등 4개 차종 29만 4천대)과 동일한 리콜이며, 보강 부품을
조속히 생산하여 리콜 시정 개시 예정
- 일렉시티 이층버스 202대는 차체 설계 미흡에 따른 중문 상단부 차체 구조물
균열로 안전에 지장을 줄 가능성으로 4월 20일부터 시정조치를 진행하고 있다.
- 1 -

□ 리콜 대상 여부와 구체적인 결함 사항은 자"
2026-07-02,260702석간_BYD·벤츠_등_자발적_시정조치리콜자동차정책과,BYD,SEALION 7,18091,,,,False,"① (BYD) SEALION 7 등 6개 차종 18,091대는 좌석 안전띠 미착용 경고가
다른 알림이 뜨는 경우 가려져 보이지 않는 현상이 발생하여 안전기준
부적합으로 6월 19일부터 시정조치를 진행하고 있다."
2026-07-02,260702석간_BYD·벤츠_등_자발적_시정조치리콜자동차정책과,벤츠,C 300 4MATIC,2113,,인해 경음기 및 운전대 버튼 등이 작동하지 않을,,False,"② (벤츠) C 300 4MATIC 2,113대는 운전대 전자장치* 제어 회로의 내구성
부족으로 인해 경음기 및 운전대 버튼 등이 작동하지 않을 가능성으로
6월 26일부터 시정조치를 진행하고 있다.
* 통화 장치, 미디어 음량 조절 장치 및 운전자 보조 시스템 등"
2026-07-02,260702석간_BYD·벤츠_등_자발적_시정조치리콜자동차정책과,스텔란티스,300C,1731,고압 연료펌프* 부속품 내구성 부족,인해 주행 중 시동이 꺼질,,False,"③ (스텔란티스) 300C 1,731대는 고압 연료펌프* 부속품 내구성 부족으로
인해 주행 중 시동이 꺼질 가능성으로 6월 26일부터 시정조치를 진행
하고 있다.
* 엔진에 연료를 공급하는 장치"
2026-07-02,260702석간_BYD·벤츠_등_자발적_시정조치리콜자동차정책과,랜드로버,디펜더 110 D240,14373,,,,False,"④ (랜드로버) 디펜더 110 D240 등 21개 차종 14,373대는 운전대 에어백
연결장치의 내구성 부족으로 인해 에어백 경고등이 점등되고, 충돌 시
에어백이 작동하지 않을 가능성으로 7월 3일부터 시정조치에 들어간다.
- 1 -"
2026-07-02,260702석간_BYD·벤츠_등_자발적_시정조치리콜자동차정책과,현대,투싼,54792,계기판 제어 소프트웨어 오류,,,True,"⑤ (현대) 투싼 등 2개 차종 54,792대는 계기판 제어 소프트웨어 오류로 인해
계기판 깜빡임 또는 꺼짐이 발생하는 안전기준 부적합으로 7월 6일부터 시정
조치에 들어간다."
2026-07-02,260702석간_BYD·벤츠_등_자발적_시정조치리콜자동차정책과,볼보,XC60,55405,48V 발전기* 부속품 내구성 부족,인해주행중시동이꺼질,,True,"⑥ (볼보) XC60 등 7개 차종 55,405대는 48V 발전기* 부속품 내구성 부족
으로 인해 12V 배터리 및 엔진의 경고등이 점등되고, 스타트스탑** 기능
사용 시 재시동이 되지 않을 가능성으로,
* 전기를 생산하고 자동차의 구동을 도와주는 장치
** 연비 개선 및 배출가스 감소를 위해 정차 시 자동으로 시동을 끄고, 출발 시 시동을
걸어주는 기능
- XC60 등 6개 차종 44,381대는 7월 13일부터 시정조치에 들어가며, 부품
규격이 다른 XC40 11,024대는 해당 부품을 수급하는 대로 시정조치에
들어갈 예정이다.
"
